{
    "portfolio": [
        "lr",
        "xgb",
        "rf",
        "svc"
    ],
    "max_batch_size": 100000,
    "max_imbalance_ratio": 100,
    "num_batches": 1,
    "population_prior": 0.1,
    "batch_priors": [
        0.1
    ],
    "decision_cutoff_raw": 0.7835303835190512,
    "decision_cutoff_proba": 0.6941473657028945,
    "decision_cutoff_rank": 0.903337724404142,
    "decision_cutoff_logit": 0.819580881789071,
    "decision_cutoff_lift": 6.941473657028944
}