{
  "n_components": 14,
  "n_features_in": 217,
  "n_cal_knots": 200,
  "cal_min": 1.3536345958709717,
  "cal_max": 27.21619415283203,
  "scaler": "standard"
}