{
  "n_components": 14,
  "n_features_in": 217,
  "n_cal_knots": 200,
  "cal_min": 1.1529704332351685,
  "cal_max": 21.321796417236328,
  "scaler": "standard"
}