{
  "n_components": 27,
  "n_features_in": 768,
  "n_cal_knots": 200,
  "cal_min": 2.74538516998291,
  "cal_max": 10.25908088684082,
  "scaler": "standard"
}