{
  "n_components": 45,
  "n_features_in": 2048,
  "n_cal_knots": 200,
  "cal_min": 3.2243006229400635,
  "cal_max": 38.27949905395508,
  "scaler": "standard"
}