{
  "mode": "slow",
  "descriptor_types": [
    "chemeleon",
    "rdkit",
    "morgan"
  ],
  "n_compounds": 143,
  "n_actives": 55,
  "ratio_actives": 0.38461538461538464,
  "population_prior": 0.38461538461538464,
  "portfolio": [
    "lr",
    "xgb",
    "rf",
    "svc"
  ],
  "num_batches": {
    "chemeleon": 1,
    "rdkit": 1,
    "morgan": 1
  },
  "decision_cutoff_raw": 0.3989344879525827,
  "decision_cutoff_proba": 0.35764817971299084,
  "decision_cutoff_rank": 0.5076291079812206,
  "oof_aucs": {
    "chemeleon": 0.8115702479338842,
    "rdkit": 0.834504132231405,
    "morgan": 0.8276859504132231
  },
  "proxy_aucs": {
    "chemeleon": 0.7857438016528926,
    "rdkit": 0.8274793388429753,
    "morgan": 0.815805785123967
  },
  "train_aucs": {
    "chemeleon": 0.9964876033057851,
    "rdkit": 0.9962809917355373,
    "morgan": 0.9933884297520661
  },
  "quality_aucs": {
    "chemeleon": 0.6266528925619833,
    "rdkit": 0.6727272727272726,
    "morgan": 0.6619834710743802
  },
  "active_descriptors": {
    "chemeleon": true,
    "rdkit": true,
    "morgan": true
  },
  "ad_hard_cutoffs": {
    "chemeleon": 0.050999999046325684,
    "rdkit": 0.050999999046325684,
    "morgan": 0.050999999046325684
  },
  "rank_error_curves": {
    "chemeleon": [
      [
        0.021294520679592446,
        0.07757323224770474,
        0.0988975842593235,
        0.12827377714955762,
        0.16162498686414492,
        0.19072411487336838,
        0.23170066015141602,
        0.2859067606278629,
        0.3281696022591939,
        0.3955328314628882,
        0.5098764866876453,
        0.5794669945617108,
        0.6620014499070022,
        0.8130441228894728,
        0.8871592655854692,
        0.9027647731869197,
        0.9289129926476812,
        0.9537626583637708,
        0.9769735132168137,
        0.990071158788949
      ],
      [
        0.1886333554354727,
        0.1939452892245133,
        0.2000882694531303,
        0.20602817132388557,
        0.2168328018276317,
        0.2222920768854715,
        0.2381023001604893,
        0.25748960992654596,
        0.27709095323859934,
        0.29594420142645633,
        0.42015828227596774,
        0.41828564476832364,
        0.4592907019827691,
        0.42439802528239706,
        0.38474102495467843,
        0.37043476714630136,
        0.34788180193269236,
        0.3344606142832172,
        0.3149813870891768,
        0.3046509452347069
      ]
    ],
    "rdkit": [
      [
        0.03165180689814151,
        0.08709317282601041,
        0.11193848162241699,
        0.1326804929444951,
        0.15146519642740652,
        0.1986779071921566,
        0.2204177393678088,
        0.29193242723105395,
        0.344768971115544,
        0.4231748228582045,
        0.44852675248996554,
        0.5729299749698801,
        0.66751228558746,
        0.781860580889731,
        0.8390766908892618,
        0.8725089352718245,
        0.9029429852886588,
        0.9302191772253601,
        0.9739613333428614,
        0.9837621074762601
      ],
      [
        0.18281894336208307,
        0.18762883195659033,
        0.19394455893487378,
        0.20046786249261797,
        0.2066274813394528,
        0.21651288755005288,
        0.22581603569365435,
        0.24936032612650824,
        0.2784645512165898,
        0.3045788042286423,
        0.3316040962768364,
        0.444000904829826,
        0.4778211214188444,
        0.4248642737215441,
        0.39062664585939644,
        0.3664461617734632,
        0.34963343451831363,
        0.3352171992389542,
        0.31028170713859776,
        0.3016824327461537
      ]
    ],
    "morgan": [
      [
        0.010846266296403721,
        0.055365110432421295,
        0.08550306006684719,
        0.10757345483263248,
        0.1374547114961711,
        0.1777233183677571,
        0.21595215565465042,
        0.2800638688565519,
        0.35922507549331295,
        0.3953894719291089,
        0.48854636407262125,
        0.6097691026261393,
        0.6700909415806721,
        0.821879321186497,
        0.8626544556969999,
        0.8919569347262174,
        0.9366914842221925,
        0.9662716403721457,
        0.9806356268172061,
        0.9956630795331262
      ],
      [
        0.1759073598853933,
        0.18189604192724038,
        0.18689233533561195,
        0.192143112668778,
        0.19914360252523636,
        0.2084926312655248,
        0.22276248833780415,
        0.2416429196709063,
        0.27266954768365886,
        0.2857485794408312,
        0.4533463869935675,
        0.40856165130321387,
        0.47472752032850707,
        0.4213529740964911,
        0.38293894368652104,
        0.36070101405792954,
        0.3326413119961993,
        0.31194394103597384,
        0.30323283220829617,
        0.2924843056473019
      ]
    ]
  },
  "decision_cutoff_logit": -0.5855863953017073,
  "decision_cutoff_lift": 0.9298852672537762
}