{
    "portfolio": [
        "xgb",
        "rf",
        "svc"
    ],
    "max_batch_size": 100000,
    "max_imbalance_ratio": 100,
    "num_batches": 1,
    "population_prior": 0.1,
    "batch_priors": [
        0.1
    ],
    "decision_cutoff_raw": 0.21973354767571174,
    "decision_cutoff_proba": 0.07339398638765253,
    "decision_cutoff_rank": 0.8909730363423213,
    "decision_cutoff_logit": -2.535686459997576,
    "decision_cutoff_lift": 0.7339398638765252
}