{
    "portfolio": [
        "xgb",
        "rf",
        "svc"
    ],
    "max_batch_size": 100000,
    "max_imbalance_ratio": 100,
    "num_batches": 1,
    "population_prior": 0.1,
    "batch_priors": [
        0.1
    ],
    "decision_cutoff_raw": 0.22560270123341344,
    "decision_cutoff_proba": 0.1094261835754155,
    "decision_cutoff_rank": 0.863361931998729,
    "decision_cutoff_logit": -2.0966157931931306,
    "decision_cutoff_lift": 1.094261835754155
}