{
  "n_components": 27,
  "n_features_in": 768,
  "n_cal_knots": 200,
  "cal_min": 3.018735408782959,
  "cal_max": 10.273268699645996,
  "scaler": "standard"
}