{
  "mode": "slow",
  "descriptor_types": [
    "chemeleon",
    "rdkit",
    "clamp"
  ],
  "n_compounds": 920,
  "n_actives": 92,
  "ratio_actives": 0.1,
  "population_prior": 0.1,
  "portfolio": [
    "lr",
    "xgb",
    "rf",
    "svc"
  ],
  "num_batches": {
    "chemeleon": 1,
    "rdkit": 1,
    "clamp": 1
  },
  "decision_cutoff_raw": 0.2545241794467476,
  "decision_cutoff_proba": 0.0973860950453218,
  "decision_cutoff_rank": 0.8663704509732802,
  "oof_aucs": {
    "chemeleon": 0.9925304557865994,
    "rdkit": 0.9910601764335224,
    "clamp": 0.9900756143667295
  },
  "proxy_aucs": {
    "chemeleon": 0.9856647763074985,
    "rdkit": 0.9866296471329553,
    "clamp": 0.9851528040327662
  },
  "train_aucs": {
    "chemeleon": 1.0,
    "rdkit": 1.0,
    "clamp": 1.0
  },
  "quality_aucs": {
    "chemeleon": 0.9850609115731987,
    "rdkit": 0.9821203528670448,
    "clamp": 0.9801512287334591
  },
  "active_descriptors": {
    "chemeleon": true,
    "rdkit": true,
    "clamp": true
  },
  "ad_hard_cutoffs": {
    "chemeleon": 0.05000000074505806,
    "rdkit": 0.054750002920627594,
    "clamp": 0.05000000074505806
  },
  "rank_error_curves": {
    "chemeleon": [
      [
        0.19755086476401598,
        0.24510852722807397,
        0.2639042552581987,
        0.27721242366155296,
        0.2901255811972002,
        0.30563692578406,
        0.3220874729393287,
        0.33784619767840623,
        0.3506953108117754,
        0.3648800391197836,
        0.37939039632571553,
        0.3982938758438337,
        0.42256441287473506,
        0.44731144103407794,
        0.47372665362807825,
        0.5118798124495879,
        0.5606573904699993,
        0.6869197447731621,
        0.9341342624663085,
        0.959959179056969
      ],
      [
        0.012914287886019338,
        0.013634196034631202,
        0.014356414917663289,
        0.014289919114268345,
        0.014402724662935023,
        0.01452086584728254,
        0.014516011245853886,
        0.014475740792707135,
        0.014587693108270662,
        0.014571477018462892,
        0.014736186443262429,
        0.014813455126686805,
        0.014704046165274423,
        0.014806256616273241,
        0.014904090885039896,
        0.015067945446674955,
        0.015390440483710651,
        0.19199042229220245,
        0.3047290023236723,
        0.23038387697715046
      ]
    ],
    "rdkit": [
      [
        0.15809133000573822,
        0.20852275543784204,
        0.24201804819541736,
        0.262206616129421,
        0.2950915359631743,
        0.32312897840847254,
        0.35226771646544386,
        0.3816282711294989,
        0.4089657874950804,
        0.4416837282281808,
        0.4702629519514825,
        0.507908749413837,
        0.5464169387900837,
        0.5804831594358334,
        0.6163897025133626,
        0.66681722985149,
        0.7287865885030311,
        0.8934693361427506,
        0.9668111567590085,
        0.9983433250863654
      ],
      [
        0.016751893399454622,
        0.017264434150976584,
        0.017597031460293802,
        0.01799386831386938,
        0.018237197275279952,
        0.018936138279516894,
        0.018818775882724063,
        0.019664410470931582,
        0.020236478408057573,
        0.02045028165556002,
        0.020462711909634557,
        0.0218522681340036,
        0.02206263264683218,
        0.022780471930355414,
        0.023014969218156617,
        0.0240311836484877,
        0.02619330216925075,
        0.1571437666557767,
        0.16167943812874488,
        0.14315688705269033
      ]
    ],
    "clamp": [
      [
        0.05022723728411636,
        0.09948047565265578,
        0.13386950918646323,
        0.1619683443214063,
        0.19088762537823437,
        0.2365134806269977,
        0.26173173356606066,
        0.30171118658537144,
        0.33406315425570254,
        0.3736523256867206,
        0.4142033225963762,
        0.45135452964825995,
        0.496578944570227,
        0.5263182869516458,
        0.5703037673748881,
        0.6285146877216796,
        0.6976031772964149,
        0.9032933591474082,
        0.970151653072159,
        0.9947749820223387
      ],
      [
        0.017459382778272973,
        0.017854768791179906,
        0.01835076006501029,
        0.018564219382034362,
        0.0188214984130531,
        0.019299838008291416,
        0.01964548370731516,
        0.01981151868034746,
        0.020174820198012967,
        0.020334650857941703,
        0.020825463429322268,
        0.02138440199445344,
        0.022183969502445056,
        0.022431745730204764,
        0.02259965027956761,
        0.02377936339243059,
        0.025439602942154926,
        0.18311296911801067,
        0.1601354763368903,
        0.14154576483577852
      ]
    ]
  },
  "decision_cutoff_logit": -2.226611453603808,
  "decision_cutoff_lift": 0.9738609504532179
}