{
  "n_components": 45,
  "n_features_in": 2048,
  "n_cal_knots": 200,
  "cal_min": 2.573763608932495,
  "cal_max": 30.08119773864746,
  "scaler": "standard"
}