{
  "n_components": 27,
  "n_features_in": 768,
  "n_cal_knots": 200,
  "cal_min": 3.1739096641540527,
  "cal_max": 9.800932884216309,
  "scaler": "standard"
}