{
  "n_components": 45,
  "n_features_in": 2048,
  "n_cal_knots": 200,
  "cal_min": 1.8299096822738647,
  "cal_max": 35.67610168457031,
  "scaler": "standard"
}