{
  "n_components": 45,
  "n_features_in": 2048,
  "n_cal_knots": 200,
  "cal_min": 3.0650651454925537,
  "cal_max": 51.19515609741211,
  "scaler": "standard"
}