{
  "n_components": 14,
  "n_features_in": 217,
  "n_cal_knots": 200,
  "cal_min": 1.3068020343780518,
  "cal_max": 18.969127655029297,
  "scaler": "standard"
}