{
    "portfolio": [
        "xgb",
        "rf"
    ],
    "max_batch_size": 100000,
    "max_imbalance_ratio": 100,
    "num_batches": 1,
    "population_prior": 0.1,
    "batch_priors": [
        0.1
    ],
    "decision_cutoff_raw": 0.05277381669729948,
    "decision_cutoff_proba": 0.1249551102492279,
    "decision_cutoff_rank": 0.8580304720430479,
    "decision_cutoff_logit": -1.9463206328161826,
    "decision_cutoff_lift": 1.249551102492279
}