{
    "portfolio": [
        "lr",
        "xgb",
        "rf",
        "svc"
    ],
    "max_batch_size": 100000,
    "max_imbalance_ratio": 100,
    "num_batches": 1,
    "population_prior": 0.1,
    "batch_priors": [
        0.1
    ],
    "decision_cutoff_raw": 0.1312325788266997,
    "decision_cutoff_proba": 0.044311665224946256,
    "decision_cutoff_rank": 0.8827774214239896,
    "decision_cutoff_logit": -3.0711838844993813,
    "decision_cutoff_lift": 0.44311665224946256
}