{
    "portfolio": [
        "lr",
        "xgb",
        "rf",
        "svc"
    ],
    "max_batch_size": 100000,
    "max_imbalance_ratio": 100,
    "num_batches": 1,
    "population_prior": 0.1,
    "batch_priors": [
        0.1
    ],
    "decision_cutoff_raw": 0.20628318829819262,
    "decision_cutoff_proba": 0.061909678709429705,
    "decision_cutoff_rank": 0.8433589990375362,
    "decision_cutoff_logit": -2.7181697078467075,
    "decision_cutoff_lift": 0.619096787094297
}