{
    "portfolio": [
        "lr",
        "xgb",
        "rf",
        "svc"
    ],
    "max_batch_size": 100000,
    "max_imbalance_ratio": 100,
    "num_batches": 1,
    "population_prior": 0.1,
    "batch_priors": [
        0.1
    ],
    "decision_cutoff_raw": 0.12437202877831402,
    "decision_cutoff_proba": 0.05169788902394956,
    "decision_cutoff_rank": 0.8571428571428572,
    "decision_cutoff_logit": -2.9092561845282034,
    "decision_cutoff_lift": 0.5169788902394956
}