{
    "portfolio": [
        "lr",
        "xgb",
        "rf",
        "svc"
    ],
    "max_batch_size": 100000,
    "max_imbalance_ratio": 100,
    "num_batches": 1,
    "population_prior": 0.1,
    "batch_priors": [
        0.1
    ],
    "decision_cutoff_raw": 0.4628562088588555,
    "decision_cutoff_proba": 0.24929869721688505,
    "decision_cutoff_rank": 0.8866374589266155,
    "decision_cutoff_logit": -1.1023560752506174,
    "decision_cutoff_lift": 2.4929869721688505
}