{
  "mode": "slow",
  "descriptor_types": [
    "chemeleon",
    "clamp"
  ],
  "n_compounds": 2080,
  "n_actives": 208,
  "ratio_actives": 0.1,
  "population_prior": 0.1,
  "portfolio": [
    "lr",
    "xgb",
    "rf",
    "svc"
  ],
  "num_batches": {
    "chemeleon": 1,
    "clamp": 1
  },
  "decision_cutoff_raw": 0.2980922289329322,
  "decision_cutoff_proba": 0.09471482519795997,
  "decision_cutoff_rank": 0.8689674523007856,
  "oof_aucs": {
    "chemeleon": 0.9965740055884287,
    "clamp": 0.9924905489809336
  },
  "proxy_aucs": {
    "chemeleon": 0.9861727481919789,
    "clamp": 0.9887756307527943
  },
  "train_aucs": {
    "chemeleon": 1.0,
    "clamp": 0.9999987158941486
  },
  "quality_aucs": {
    "chemeleon": 0.9931480111768574,
    "clamp": 0.9849823820677186
  },
  "active_descriptors": {
    "chemeleon": true,
    "clamp": true
  },
  "ad_hard_cutoffs": {
    "chemeleon": 0.054750021547079086,
    "clamp": 0.05000000074505806
  },
  "rank_error_curves": {
    "chemeleon": [
      [
        0.27612307847471645,
        0.3593775348272739,
        0.3862022412245829,
        0.4059053167208078,
        0.4188352372960162,
        0.43287421427925976,
        0.4467126555112835,
        0.46124204065371277,
        0.4768554107038083,
        0.4923711386290571,
        0.5068504906632632,
        0.5237106393125791,
        0.5420541325416455,
        0.5625142445416086,
        0.5836485222983279,
        0.6118980242763834,
        0.6626893947717988,
        0.8158279679242885,
        0.9636659699744154,
        0.99629735732022
      ],
      [
        0.008065891310036955,
        0.008505384268271212,
        0.009807459393980294,
        0.009726582213001881,
        0.01126576909013668,
        0.013241176074755424,
        0.010615169850666897,
        0.012617384997768946,
        0.012755326724136918,
        0.01256624037433027,
        0.011943903997277986,
        0.016805247550724687,
        0.01520881740580978,
        0.015114927649606143,
        0.01725903656606715,
        0.02148588535860931,
        0.02314838703032174,
        0.19672772958292697,
        0.32816542579090363,
        0.2566864923904078
      ]
    ],
    "clamp": [
      [
        0.14572652417786153,
        0.19758708676027506,
        0.23290969467387523,
        0.2676118533505094,
        0.29278650446675425,
        0.3140940009007399,
        0.33850101333587224,
        0.3610017181052311,
        0.3833948857456999,
        0.40678750816511955,
        0.429002130111625,
        0.45651413480170655,
        0.48302024537176946,
        0.5114492940656858,
        0.5475015864542893,
        0.6054439960071623,
        0.6890524118255159,
        0.8659854546946886,
        0.9672886714420195,
        0.9957664913736404
      ],
      [
        0.011456988847874062,
        0.011472635522194418,
        0.01149465371430017,
        0.011521481469448293,
        0.011563007690631654,
        0.011591148794270605,
        0.011658604025007197,
        0.011737817020357715,
        0.011912196002265042,
        0.012270803872757767,
        0.01356833765576699,
        0.013641533539121368,
        0.013641464990881532,
        0.014948606596900884,
        0.0144549190665952,
        0.015284500615939282,
        0.017562923769835096,
        0.1236578981738813,
        0.1420858379659741,
        0.09757379796973432
      ]
    ]
  },
  "decision_cutoff_logit": -2.257379467321216,
  "decision_cutoff_lift": 0.9471482519795996
}