{
    "portfolio": [
        "lr",
        "xgb",
        "rf",
        "svc"
    ],
    "max_batch_size": 100000,
    "max_imbalance_ratio": 100,
    "num_batches": 1,
    "population_prior": 0.1,
    "batch_priors": [
        0.1
    ],
    "decision_cutoff_raw": 0.17893497938701114,
    "decision_cutoff_proba": 0.06646146193114857,
    "decision_cutoff_rank": 0.8941969519343494,
    "decision_cutoff_logit": -2.642359985702723,
    "decision_cutoff_lift": 0.6646146193114857
}