{
  "mode": "slow",
  "descriptor_types": [
    "chemeleon",
    "rdkit",
    "morgan"
  ],
  "n_compounds": 870,
  "n_actives": 87,
  "ratio_actives": 0.1,
  "population_prior": 0.1,
  "portfolio": [
    "lr",
    "xgb",
    "rf",
    "svc"
  ],
  "num_batches": {
    "chemeleon": 1,
    "rdkit": 1,
    "morgan": 1
  },
  "decision_cutoff_raw": 0.2585595522819094,
  "decision_cutoff_proba": 0.09637665820046999,
  "decision_cutoff_rank": 0.862006137322593,
  "oof_aucs": {
    "chemeleon": 0.9701266863375464,
    "rdkit": 0.9606362208423247,
    "morgan": 0.9937684414497732
  },
  "proxy_aucs": {
    "chemeleon": 0.9840430997783356,
    "rdkit": 0.9804465583300305,
    "morgan": 0.9775840049323997
  },
  "train_aucs": {
    "chemeleon": 1.0,
    "rdkit": 0.9995889666916222,
    "morgan": 0.9998532023898651
  },
  "quality_aucs": {
    "chemeleon": 0.9402533726750928,
    "rdkit": 0.9216834749930272,
    "morgan": 0.9876836805096812
  },
  "active_descriptors": {
    "chemeleon": true,
    "rdkit": true,
    "morgan": true
  },
  "ad_hard_cutoffs": {
    "chemeleon": 0.052250005304813385,
    "rdkit": 0.052250005304813385,
    "morgan": 0.052250005304813385
  },
  "rank_error_curves": {
    "chemeleon": [
      [
        0.04929825470112138,
        0.10321785715668459,
        0.12436624897302938,
        0.14374215914308364,
        0.16413525569109355,
        0.17958341819250814,
        0.19798738889244427,
        0.22001315742936278,
        0.24975423108391193,
        0.27953250636639193,
        0.3028956740825486,
        0.33637496980033454,
        0.37565958606353334,
        0.4132542354179169,
        0.45869408225505637,
        0.5108980072678049,
        0.5823756015761975,
        0.7230338844163402,
        0.9546700893066201,
        0.9975851066984966
      ],
      [
        0.016020199738118544,
        0.01671412614127336,
        0.018382718576559716,
        0.01844239457017497,
        0.018604262676876586,
        0.0186037732000494,
        0.018824019141219204,
        0.01898959034815901,
        0.01934516125111562,
        0.019082856717833156,
        0.019548082627326657,
        0.020985426275330222,
        0.020725036499749286,
        0.02361339061623893,
        0.023949632137506918,
        0.03192880078306225,
        0.04698523547490219,
        0.24353053930936622,
        0.3037764027181103,
        0.18486287130114987
      ]
    ],
    "rdkit": [
      [
        0.0852340262783616,
        0.10793645863924052,
        0.1323309098270711,
        0.16240758947154613,
        0.18630424492302844,
        0.21045756371991647,
        0.23712475731911153,
        0.25673324709886225,
        0.2882649072720151,
        0.3103174246485344,
        0.3373697691892533,
        0.37821711771744837,
        0.41498158736422175,
        0.45501569825670884,
        0.5029652500474114,
        0.5755566971979608,
        0.6990888722295399,
        0.898879695308497,
        0.9703553294527665,
        0.9990110280465855
      ],
      [
        0.01630523119563688,
        0.016627374932253573,
        0.017198789967225396,
        0.017144936866157444,
        0.017361814886813143,
        0.017506934786139797,
        0.018776941975828108,
        0.018807159553709644,
        0.01934986286652726,
        0.01918526666480077,
        0.021092197903732648,
        0.021137265396881943,
        0.024723069849222876,
        0.025556799884612503,
        0.03052482451528693,
        0.033024450331861126,
        0.05184098960522132,
        0.2235320902201669,
        0.24913806709607883,
        0.20249731375687938
      ]
    ],
    "morgan": [
      [
        0.0798396664030502,
        0.185619920925798,
        0.23147125240896244,
        0.2689275000607428,
        0.29785273946160984,
        0.3246069834988988,
        0.3464089260954066,
        0.3667472748972607,
        0.38938599704849935,
        0.417779878521123,
        0.4404349551748471,
        0.47261191763978644,
        0.5030222281620412,
        0.534258870918298,
        0.5722904162572661,
        0.6132922781503782,
        0.6834645275532648,
        0.8630961368377008,
        0.9623221091883376,
        1.0
      ],
      [
        0.01704132601855217,
        0.017586953828211915,
        0.01813407098109914,
        0.018403767329318876,
        0.018994405119474665,
        0.019536430470096035,
        0.01973641893390776,
        0.02055970326473845,
        0.020805288014421674,
        0.021502423920886717,
        0.02127723605955061,
        0.02220603720270501,
        0.022739475786027363,
        0.022129578781864508,
        0.02367373283784073,
        0.024289686536507798,
        0.025659211304554768,
        0.16983350842383732,
        0.17859083415417498,
        0.15154833926730668
      ]
    ]
  },
  "decision_cutoff_logit": -2.2381485788177717,
  "decision_cutoff_lift": 0.9637665820046999
}