{
    "portfolio": [
        "lr",
        "xgb",
        "rf",
        "svc"
    ],
    "max_batch_size": 100000,
    "max_imbalance_ratio": 100,
    "num_batches": 1,
    "population_prior": 0.1,
    "batch_priors": [
        0.1
    ],
    "decision_cutoff_raw": 0.24116757683455944,
    "decision_cutoff_proba": 0.0675142364236973,
    "decision_cutoff_rank": 0.8629414841818033,
    "decision_cutoff_logit": -2.625515398838325,
    "decision_cutoff_lift": 0.675142364236973
}