{
  "n_components": 45,
  "n_features_in": 2048,
  "n_cal_knots": 200,
  "cal_min": 1.7687066793441772,
  "cal_max": 31.6762752532959,
  "scaler": "standard"
}