{
  "n_components": 22,
  "n_features_in": 512,
  "n_cal_knots": 200,
  "cal_min": 2.795665740966797,
  "cal_max": 31.049409866333008,
  "scaler": "standard"
}