{
  "task": "classification",
  "format": "onnx",
  "preset_name": "heuristic",
  "use_linear": false,
  "n_features_in": 731,
  "classes": [
    0,
    1
  ],
  "params": {
    "C": 0.378153,
    "class_weight": "balanced",
    "max_iter": 5000,
    "tol": 0.001,
    "random_state": 42,
    "use_linear": false,
    "kernel": "rbf",
    "gamma": "scale"
  },
  "profile": {
    "n_samples": 143,
    "n_features": 731,
    "n_p_ratio": 0.19562243502051985,
    "sparsity": 0.9302421244965705,
    "is_sparse_counts": false,
    "binary_feature_fraction": 0.7455540355677155,
    "feature_signal_strength": 0.10310922094495047,
    "feature_signal_p90": 0.1981473482419404,
    "task": "classification",
    "imbalance_ratio": 1.6,
    "y_skewness": 0.0,
    "y_all_positive": false
  },
  "portfolio_scores": {},
  "decision_cutoff_raw": 0.523502957482586,
  "decision_cutoff_raw_source": "oof_balanced_accuracy",
  "decision_cutoff_proba": 0.3999987148698221,
  "decision_cutoff_rank": 0.5,
  "decision_cutoff_logit": -0.40547046282010635,
  "calibrator": {
    "method": "platt",
    "coef": 2.9959639354579854,
    "intercept": -1.9738664435435294
  },
  "ranker": {
    "knots": [
      0.24982887160215891,
      0.2586785587599448,
      0.2690176345119094,
      0.26932256563687057,
      0.2700587516565118,
      0.27038912329828363,
      0.2745302823157996,
      0.27783596551154266,
      0.2846808833299493,
      0.28511934699981517,
      0.2912503134918012,
      0.2952309199169355,
      0.29727241954202177,
      0.29852474678352225,
      0.3003169169394195,
      0.30241915914497747,
      0.30245410358543207,
      0.30335268753562317,
      0.3033994124825764,
      0.3037128110967823,
      0.3042135370112364,
      0.30560686870324505,
      0.30700077457086206,
      0.30847292946386395,
      0.3089075988904422,
      0.31839596812303284,
      0.3307018635441507,
      0.3323356578201051,
      0.332457581371586,
      0.3355507518978335,
      0.3371991898284459,
      0.33897039755942193,
      0.34454516602352303,
      0.3446013806910407,
      0.350119058862338,
      0.35433405698158,
      0.3610846165464888,
      0.36231112245906794,
      0.3718361047002806,
      0.38074186535925253,
      0.3935214434636919,
      0.39386979193567373,
      0.3979834177760066,
      0.40377416957217444,
      0.4062600074254972,
      0.41020829137018794,
      0.4314954970852917,
      0.43348613129185987,
      0.4357055621740679,
      0.4444836280058405,
      0.4480976143836527,
      0.4502307050879765,
      0.45282362290633343,
      0.46285680211335684,
      0.46991848088449756,
      0.47134290514176286,
      0.4796873256567381,
      0.48343831134194765,
      0.48456305636689734,
      0.4854233025732596,
      0.4870212087284216,
      0.49285807923660646,
      0.4933193365453217,
      0.4956041919932611,
      0.500386321679821,
      0.5024146312813671,
      0.5025243542823665,
      0.5040933471027769,
      0.5087833649788914,
      0.5088379355828164,
      0.5100576279333934,
      0.523502957482586,
      0.5235049860552358,
      0.5257627001013881,
      0.5264708831643408,
      0.5272212013207016,
      0.5293172953986239,
      0.5390380987174457,
      0.5399374826050549,
      0.5473436185404646,
      0.5473479458497195,
      0.5478056898941859,
      0.5482452329394948,
      0.5485337963514533,
      0.5496984557066067,
      0.5497479551762429,
      0.5539717698077183,
      0.5541394509798939,
      0.5552577365038451,
      0.5568020023026209,
      0.5583232154167589,
      0.559891986760387,
      0.5615731594322649,
      0.5621195081164121,
      0.5632441629757391,
      0.5636412803601003,
      0.5661803142636302,
      0.5785839349112533,
      0.5794386721948038,
      0.5817014887938479,
      0.582193079279069,
      0.5832032949042858,
      0.5925858564694616,
      0.5945905675244065,
      0.5946756204507665,
      0.5962947493465035,
      0.5963460273402201,
      0.5982232081504245,
      0.6009840706565552,
      0.603414032540474,
      0.6093125066919407,
      0.613223207321012,
      0.6155803204198177,
      0.6292903496397609,
      0.6294689954376584,
      0.6350622740211829,
      0.6370593243820668,
      0.6391502638347326,
      0.6459980652768776,
      0.6480617061433372,
      0.6500679465414655,
      0.6549655719786615,
      0.6580297040394615,
      0.6607333340283709,
      0.6699219139363465,
      0.6712561573949664,
      0.6719384423514614,
      0.6736760228154768,
      0.6743007462463758,
      0.6759537543461946,
      0.6777388683385321,
      0.6880949849024417,
      0.6887670839688593,
      0.6916176597579474,
      0.6972282626498013,
      0.6973410296218889,
      0.6981952047272761,
      0.7026020144161755,
      0.7044590766980934,
      0.712281906200378,
      0.724864484874808,
      0.7347209641102197,
      0.7348469231347133
    ]
  }
}