{
  "task": "classification",
  "format": "onnx",
  "preset_name": "heuristic",
  "best_iteration": 461,
  "params": {
    "tree_method": "hist",
    "device": "cpu",
    "learning_rate": 0.1,
    "n_estimators": 2000,
    "early_stopping_rounds": 50,
    "max_depth": 3,
    "min_child_weight": 1,
    "subsample": 1.0,
    "colsample_bytree": 0.5,
    "colsample_bynode": 0.074,
    "reg_alpha": 0.3,
    "reg_lambda": 2.125,
    "gamma": 0.05,
    "max_bin": 128,
    "nthread": 64,
    "objective": "binary:logistic",
    "scale_pos_weight": 1.6,
    "eval_metric": "auc"
  },
  "profile": {
    "n_samples": 143,
    "n_features": 731,
    "n_p_ratio": 0.19562243502051985,
    "sparsity": 0.9302421244965705,
    "is_sparse_counts": false,
    "binary_feature_fraction": 0.7455540355677155,
    "feature_signal_strength": 0.10310922094495047,
    "feature_signal_p90": 0.1981473482419404,
    "task": "classification",
    "imbalance_ratio": 1.6,
    "y_skewness": 0.0,
    "y_all_positive": false
  },
  "portfolio_scores": {},
  "decision_cutoff_raw": 0.33600321412086487,
  "decision_cutoff_raw_source": "oof_balanced_accuracy",
  "decision_cutoff_proba": 0.31752043684835735,
  "decision_cutoff_rank": 0.5,
  "decision_cutoff_logit": -0.7651903982230879,
  "calibrator": {
    "method": "platt",
    "coef": 2.974800862550272,
    "intercept": -1.7647330494095004
  },
  "ranker": {
    "knots": [
      0.0029676135163754225,
      0.0055109853856265545,
      0.0061678197234869,
      0.008421801030635834,
      0.008907834067940712,
      0.009665751829743385,
      0.009843715466558933,
      0.01065920665860176,
      0.011209465563297272,
      0.01145519781857729,
      0.011931981891393661,
      0.012764101848006248,
      0.012852659448981285,
      0.014483255334198475,
      0.014593217521905899,
      0.017662184312939644,
      0.017767028883099556,
      0.024917716160416603,
      0.0313391275703907,
      0.043741315603256226,
      0.050795964896678925,
      0.05255734920501709,
      0.05355029180645943,
      0.0602584108710289,
      0.06056041643023491,
      0.061785802245140076,
      0.06311868131160736,
      0.06652580946683884,
      0.06971927732229233,
      0.08145176619291306,
      0.08320354670286179,
      0.08612888306379318,
      0.0897216945886612,
      0.09025201946496964,
      0.09417495876550674,
      0.09568184614181519,
      0.09640572220087051,
      0.09767114371061325,
      0.09907698631286621,
      0.10552646964788437,
      0.10910210758447647,
      0.11097440123558044,
      0.112367644906044,
      0.11326269060373306,
      0.11950725317001343,
      0.12276314198970795,
      0.12721222639083862,
      0.13546566665172577,
      0.1365528255701065,
      0.14909960329532623,
      0.15285111963748932,
      0.15681575238704681,
      0.16412454843521118,
      0.1646185666322708,
      0.16652117669582367,
      0.1670921891927719,
      0.17525506019592285,
      0.1761571168899536,
      0.17658179998397827,
      0.18606309592723846,
      0.18703024089336395,
      0.19009838998317719,
      0.1933245062828064,
      0.19452042877674103,
      0.20936614274978638,
      0.22590793669223785,
      0.2268894612789154,
      0.2802850604057312,
      0.2970123887062073,
      0.3039606511592865,
      0.3300681412220001,
      0.33600321412086487,
      0.34728264808654785,
      0.34998130798339844,
      0.3551402688026428,
      0.3551402688026428,
      0.35665473341941833,
      0.36292412877082825,
      0.369742751121521,
      0.3915592133998871,
      0.39747199416160583,
      0.4024670124053955,
      0.40420034527778625,
      0.4060508608818054,
      0.44004279375076294,
      0.45286378264427185,
      0.46450915932655334,
      0.4790163040161133,
      0.49281546473503113,
      0.5072538256645203,
      0.5099120140075684,
      0.533394455909729,
      0.5695589184761047,
      0.5704002380371094,
      0.5823058485984802,
      0.590438723564148,
      0.6023359298706055,
      0.6079946756362915,
      0.6133562922477722,
      0.6302852034568787,
      0.6337810158729553,
      0.6578278541564941,
      0.6626281142234802,
      0.6669291257858276,
      0.6681006550788879,
      0.7065016627311707,
      0.794238805770874,
      0.7943624258041382,
      0.794615626335144,
      0.8097401857376099,
      0.8097401857376099,
      0.8168008327484131,
      0.8210259675979614,
      0.8331449031829834,
      0.8410312533378601,
      0.8512688875198364,
      0.8561042547225952,
      0.8603870868682861,
      0.8658576607704163,
      0.8779447674751282,
      0.8830722570419312,
      0.8887441158294678,
      0.8889915943145752,
      0.8893150091171265,
      0.8961747884750366,
      0.897629976272583,
      0.9089609384536743,
      0.9113015532493591,
      0.9149133563041687,
      0.9306352138519287,
      0.9342789053916931,
      0.9347565174102783,
      0.9354092478752136,
      0.9383847713470459,
      0.9468403458595276,
      0.9560976028442383,
      0.9563116431236267,
      0.9601627588272095,
      0.9667140245437622,
      0.9719616174697876,
      0.9828698039054871,
      0.9893669486045837,
      0.9895642995834351
    ]
  }
}