{
    "portfolio": [
        "lr",
        "xgb",
        "rf",
        "svc"
    ],
    "max_batch_size": 100000,
    "max_imbalance_ratio": 100,
    "num_batches": 1,
    "population_prior": 0.1,
    "batch_priors": [
        0.1
    ],
    "decision_cutoff_raw": 0.27522369035088085,
    "decision_cutoff_proba": 0.12607540218971,
    "decision_cutoff_rank": 0.8449367088607594,
    "decision_cutoff_logit": -1.9361139413649073,
    "decision_cutoff_lift": 1.2607540218970998
}