{
  "n_components": 45,
  "n_features_in": 2048,
  "n_cal_knots": 200,
  "cal_min": 2.750823974609375,
  "cal_max": 29.04562759399414,
  "scaler": "standard"
}