{
  "mode": "slow",
  "descriptor_types": [
    "chemeleon",
    "cddd",
    "clamp"
  ],
  "n_compounds": 2560,
  "n_actives": 256,
  "ratio_actives": 0.1,
  "population_prior": 0.1,
  "portfolio": [
    "lr",
    "xgb",
    "rf",
    "svc"
  ],
  "num_batches": {
    "chemeleon": 1,
    "cddd": 1,
    "clamp": 1
  },
  "decision_cutoff_raw": 0.2194297861427751,
  "decision_cutoff_proba": 0.07534117888941243,
  "decision_cutoff_rank": 0.892698970952195,
  "oof_aucs": {
    "chemeleon": 0.9995134141710069,
    "cddd": 0.9991743299696181,
    "clamp": 0.9996795654296875
  },
  "proxy_aucs": {
    "chemeleon": 0.9988216824001737,
    "cddd": 0.9986809624565972,
    "clamp": 0.9984944661458334
  },
  "train_aucs": {
    "chemeleon": 1.0,
    "cddd": 1.0,
    "clamp": 1.0
  },
  "quality_aucs": {
    "chemeleon": 0.9990268283420138,
    "cddd": 0.9983486599392362,
    "clamp": 0.999359130859375
  },
  "active_descriptors": {
    "chemeleon": true,
    "cddd": true,
    "clamp": true
  },
  "ad_hard_cutoffs": {
    "chemeleon": 0.05000000074505806,
    "cddd": 0.05000000074505806,
    "clamp": 0.054750021547079086
  },
  "rank_error_curves": {
    "chemeleon": [
      [
        0.18617953523275826,
        0.22691717001232495,
        0.25996609176777136,
        0.2876202420069683,
        0.3140630967073968,
        0.3312241568028579,
        0.3566518019828041,
        0.38245532242454267,
        0.40757517335171806,
        0.4324363687286811,
        0.45869240907970144,
        0.4830492302174495,
        0.5096420812026824,
        0.5464265670853851,
        0.5786452633862669,
        0.6274271419809495,
        0.7009609413516347,
        0.89051992746511,
        0.9751781522146306,
        1.0
      ],
      [
        0.004406438723559707,
        0.004489506253646252,
        0.004563549669604389,
        0.004639170739642194,
        0.004690464403281484,
        0.004781161244166054,
        0.004850480626495581,
        0.0049585713830682145,
        0.005154284913011288,
        0.005176372885927082,
        0.005398593409220537,
        0.0055661091076653945,
        0.005594600753558043,
        0.005924581938280931,
        0.006267494294100527,
        0.006627680725840121,
        0.006834220999751633,
        0.06566509704596597,
        0.06143985646865049,
        0.050928754637827346
      ]
    ],
    "cddd": [
      [
        0.18483267795897676,
        0.22233948457311337,
        0.2555116915756811,
        0.28272068209982987,
        0.30502122170728435,
        0.3276327410276578,
        0.3516994669733091,
        0.37794071410660957,
        0.39943528520913507,
        0.4241356370035404,
        0.44828001939121287,
        0.4766751885930849,
        0.504129568957795,
        0.5393537666598887,
        0.5735658354564969,
        0.6239348401183126,
        0.6790990166485834,
        0.8601668468027343,
        0.9597406915315521,
        1.0
      ],
      [
        0.004652364297449589,
        0.004737649868585086,
        0.0048120974251579405,
        0.00486810660370926,
        0.004933521118582648,
        0.005044119545426187,
        0.005114771938542329,
        0.005228436534582083,
        0.005359660516910577,
        0.005662825553246149,
        0.006138889003157867,
        0.006617572332344518,
        0.007117887453405425,
        0.006910546343437978,
        0.0071710927772327855,
        0.007812421030923625,
        0.00889689292106197,
        0.05099178193503712,
        0.06120877575214044,
        0.040731814234943826
      ]
    ],
    "clamp": [
      [
        0.2728749568512445,
        0.2993688425457874,
        0.32207443303491995,
        0.3463618041749995,
        0.37149966750580876,
        0.39657496008999266,
        0.42232862966308504,
        0.44696518911647265,
        0.473407145775674,
        0.4995171666519934,
        0.5175733646571961,
        0.5403651688125392,
        0.5673665455326542,
        0.6011456132804032,
        0.6414904758686926,
        0.6959251019991947,
        0.7558859260641368,
        0.8792087122014445,
        0.9673847859528496,
        0.9989966929330998
      ],
      [
        0.003641731313012142,
        0.0036890815307801176,
        0.0037347247168129944,
        0.003795464243966722,
        0.0038581216031020552,
        0.0039325332604623784,
        0.004014337128445369,
        0.004143127660863126,
        0.0042650973096853995,
        0.0044752232094614165,
        0.0049011966978095645,
        0.006092014808407047,
        0.005961263086308975,
        0.005606933253738905,
        0.005933046809929484,
        0.006495114373535704,
        0.007281780403972306,
        0.058676956578701644,
        0.061538149480570806,
        0.04549415809974557
      ]
    ]
  },
  "decision_cutoff_logit": -2.5073979776996285,
  "decision_cutoff_lift": 0.7534117888941242
}