{
  "n_components": 45,
  "n_features_in": 2048,
  "n_cal_knots": 200,
  "cal_min": 3.0624213218688965,
  "cal_max": 28.33432388305664,
  "scaler": "standard"
}