{
  "n_components": 45,
  "n_features_in": 2048,
  "n_cal_knots": 200,
  "cal_min": 3.1539816856384277,
  "cal_max": 16.88163185119629,
  "scaler": "standard"
}