{
    "portfolio": [
        "lr",
        "xgb",
        "rf",
        "svc"
    ],
    "max_batch_size": 100000,
    "max_imbalance_ratio": 100,
    "num_batches": 1,
    "population_prior": 0.1,
    "batch_priors": [
        0.1
    ],
    "decision_cutoff_raw": 0.2200879346328414,
    "decision_cutoff_proba": 0.07656785231151515,
    "decision_cutoff_rank": 0.858948432760364,
    "decision_cutoff_logit": -2.4899200179064844,
    "decision_cutoff_lift": 0.7656785231151515
}