{
  "n_components": 14,
  "n_features_in": 217,
  "n_cal_knots": 200,
  "cal_min": 0.977983295917511,
  "cal_max": 71.62028503417969,
  "scaler": "standard"
}