{
  "n_components": 45,
  "n_features_in": 2048,
  "n_cal_knots": 200,
  "cal_min": 2.7487926483154297,
  "cal_max": 11.864542961120605,
  "scaler": "standard"
}