{
  "mode": "slow",
  "descriptor_types": [
    "chemeleon",
    "clamp",
    "rdkit"
  ],
  "n_compounds": 70500,
  "n_actives": 7050,
  "ratio_actives": 0.1,
  "population_prior": 0.1,
  "portfolio": [
    "xgb",
    "rf"
  ],
  "num_batches": {
    "chemeleon": 1,
    "clamp": 1,
    "rdkit": 1
  },
  "decision_cutoff_raw": 0.08535506734221567,
  "decision_cutoff_proba": 0.1157026518578695,
  "decision_cutoff_rank": 0.8615804777558701,
  "oof_aucs": {
    "chemeleon": 0.9882008584410578,
    "clamp": 0.9843378926836902,
    "rdkit": 0.9877427616540639
  },
  "proxy_aucs": {
    "chemeleon": 0.9047249836527339,
    "clamp": 0.9198688664218769,
    "rdkit": 0.9051822600025707
  },
  "train_aucs": {
    "chemeleon": 0.9997534251015766,
    "clamp": 0.9998407558305249,
    "rdkit": 0.9992244666879042
  },
  "quality_aucs": {
    "chemeleon": 0.9766482917805389,
    "clamp": 0.9688350295368555,
    "rdkit": 0.9762610566202237
  },
  "active_descriptors": {
    "chemeleon": true,
    "clamp": true,
    "rdkit": true
  },
  "ad_hard_cutoffs": {
    "chemeleon": 0.05000000074505806,
    "clamp": 0.05000000074505806,
    "rdkit": 0.05000000074505806
  },
  "rank_error_curves": {
    "chemeleon": [
      [
        0.14145014422299151,
        0.1848070439903564,
        0.22381020358154538,
        0.26187274546565825,
        0.29209208145087484,
        0.32304037712024614,
        0.35129064029430856,
        0.3804374443898777,
        0.4086563806154337,
        0.43568620369735445,
        0.46268913196679196,
        0.4910779148996068,
        0.5185896118231712,
        0.547300402727565,
        0.59040543095824,
        0.6514771803105183,
        0.7391190167337625,
        0.9030236994195191,
        0.9644079407631287,
        0.9998613211224581
      ],
      [
        0.00021892455767149008,
        0.00029158397862586317,
        0.00035713797240114766,
        0.000670423074920549,
        0.0006792640039093625,
        0.0007238488690113143,
        0.0010150865989361022,
        0.0010767799009940668,
        0.001092077088574674,
        0.0011776434503634192,
        0.0014452614464550548,
        0.0020527003259490557,
        0.0023832724733232956,
        0.005153202848115737,
        0.0051926166547099275,
        0.005284151408463642,
        0.01597657550137595,
        0.2614108209279859,
        0.1178606243766805,
        0.04256576097975922
      ]
    ],
    "clamp": [
      [
        0.0986543350861771,
        0.1429708259454546,
        0.18676177638377722,
        0.22156047189546146,
        0.25185799130067843,
        0.2836836551223345,
        0.31292231040615703,
        0.3419410657664865,
        0.37066065816627614,
        0.39971495537466056,
        0.42790409363511533,
        0.45685218919173887,
        0.4865749773334189,
        0.5201771351034652,
        0.5701526532238448,
        0.6206529649581622,
        0.721606827440764,
        0.9181570167122227,
        0.9689623542359453,
        1.0
      ],
      [
        0.0003580015500485242,
        0.0006786012131812624,
        0.000823503578813536,
        0.0008093401207369733,
        0.0009266509519868919,
        0.0009389394369587317,
        0.0009677449609796405,
        0.001011831027113734,
        0.001170988445529245,
        0.001672592928866502,
        0.001966518205395107,
        0.0022851802523822366,
        0.004271951346861716,
        0.004610726142986426,
        0.0041706857036761715,
        0.00780927471582511,
        0.015572082224534357,
        0.261098576855746,
        0.12193108628199491,
        0.06464496678893605
      ]
    ],
    "rdkit": [
      [
        0.1973627418101292,
        0.23311972125119929,
        0.26640562039586824,
        0.29856236239563294,
        0.3269071947421696,
        0.3548545094215899,
        0.38225703605585615,
        0.40994289010463103,
        0.43784143139988924,
        0.4660402250703717,
        0.49428642510566856,
        0.5227475324989166,
        0.5510233009924148,
        0.5809216154256381,
        0.6149431976925166,
        0.6818497174695345,
        0.7669360792028413,
        0.9098502046766703,
        0.9617959405117573,
        0.9998822565958415
      ],
      [
        0.0004622987043157038,
        0.00046359910107763463,
        0.0006529083641317275,
        0.000826603383282288,
        0.0008480043118072338,
        0.0009106893934231995,
        0.0010322398076218313,
        0.001200141147130728,
        0.0013042734168879518,
        0.0013141771397124698,
        0.0014388100207447486,
        0.002093085048671762,
        0.002419606052254541,
        0.0032494943158997394,
        0.008806191060341039,
        0.004337071512123099,
        0.021785465733593738,
        0.2978905413445957,
        0.12710456961624644,
        0.04315630244991597
      ]
    ]
  },
  "decision_cutoff_logit": -2.03376981869883,
  "decision_cutoff_lift": 1.157026518578695
}