{
  "n_components": 14,
  "n_features_in": 217,
  "n_cal_knots": 200,
  "cal_min": 1.2331267595291138,
  "cal_max": 22.732513427734375,
  "scaler": "standard"
}