{
  "n_components": 45,
  "n_features_in": 2048,
  "n_cal_knots": 200,
  "cal_min": 2.794177532196045,
  "cal_max": 29.41757583618164,
  "scaler": "standard"
}