{
  "n_components": 27,
  "n_features_in": 768,
  "n_cal_knots": 200,
  "cal_min": 2.8546133041381836,
  "cal_max": 8.950538635253906,
  "scaler": "standard"
}