{
  "n_components": 45,
  "n_features_in": 2048,
  "n_cal_knots": 200,
  "cal_min": 1.9652185440063477,
  "cal_max": 30.839521408081055,
  "scaler": "standard"
}