{
    "portfolio": [
        "xgb",
        "rf",
        "svc"
    ],
    "max_batch_size": 100000,
    "max_imbalance_ratio": 100,
    "num_batches": 1,
    "population_prior": 0.1,
    "batch_priors": [
        0.1
    ],
    "decision_cutoff_raw": 0.2155911817769125,
    "decision_cutoff_proba": 0.0714318128302366,
    "decision_cutoff_rank": 0.8250758341759353,
    "decision_cutoff_logit": -2.5649004881215007,
    "decision_cutoff_lift": 0.714318128302366
}