{
  "n_components": 27,
  "n_features_in": 768,
  "n_cal_knots": 200,
  "cal_min": 2.9343457221984863,
  "cal_max": 10.631572723388672,
  "scaler": "standard"
}