{
    "portfolio": [
        "xgb",
        "rf",
        "svc"
    ],
    "max_batch_size": 100000,
    "max_imbalance_ratio": 100,
    "num_batches": 1,
    "population_prior": 0.1,
    "batch_priors": [
        0.1
    ],
    "decision_cutoff_raw": 0.7221457207255141,
    "decision_cutoff_proba": 0.5561832764498641,
    "decision_cutoff_rank": 0.9035183029362308,
    "decision_cutoff_logit": 0.22568618141975996,
    "decision_cutoff_lift": 5.56183276449864
}