{
    "portfolio": [
        "lr",
        "xgb",
        "rf",
        "svc"
    ],
    "max_batch_size": 100000,
    "max_imbalance_ratio": 100,
    "num_batches": 1,
    "population_prior": 0.1,
    "batch_priors": [
        0.1
    ],
    "decision_cutoff_raw": 0.6642839032090881,
    "decision_cutoff_proba": 0.3394997424168493,
    "decision_cutoff_rank": 0.9266050989970585,
    "decision_cutoff_logit": -0.6655243256591578,
    "decision_cutoff_lift": 3.3949974241684933
}