{
    "portfolio": [
        "lr",
        "xgb",
        "rf",
        "svc"
    ],
    "max_batch_size": 100000,
    "max_imbalance_ratio": 100,
    "num_batches": 1,
    "population_prior": 0.1,
    "batch_priors": [
        0.1
    ],
    "decision_cutoff_raw": 0.18179966901260244,
    "decision_cutoff_proba": 0.0451847491174094,
    "decision_cutoff_rank": 0.8654848800834204,
    "decision_cutoff_logit": -3.0507582461966556,
    "decision_cutoff_lift": 0.45184749117409395
}