{
    "portfolio": [
        "lr",
        "xgb",
        "rf",
        "svc"
    ],
    "max_batch_size": 100000,
    "max_imbalance_ratio": 100,
    "num_batches": 1,
    "population_prior": 0.1,
    "batch_priors": [
        0.1
    ],
    "decision_cutoff_raw": 0.28655586513637926,
    "decision_cutoff_proba": 0.13023374325352294,
    "decision_cutoff_rank": 0.8917488134355605,
    "decision_cutoff_logit": -1.8988936441732398,
    "decision_cutoff_lift": 1.3023374325352293
}