{
  "n_components": 45,
  "n_features_in": 2048,
  "n_cal_knots": 200,
  "cal_min": 2.72583270072937,
  "cal_max": 30.150480270385742,
  "scaler": "standard"
}