{
  "n_components": 14,
  "n_features_in": 217,
  "n_cal_knots": 200,
  "cal_min": 1.4264209270477295,
  "cal_max": 24.87509536743164,
  "scaler": "standard"
}