{
  "mode": "slow",
  "descriptor_types": [
    "chemeleon",
    "rdkit"
  ],
  "n_compounds": 299,
  "n_actives": 143,
  "ratio_actives": 0.4782608695652174,
  "population_prior": 0.4782608695652174,
  "portfolio": [
    "lr",
    "xgb",
    "rf",
    "svc"
  ],
  "num_batches": {
    "chemeleon": 1,
    "rdkit": 1
  },
  "decision_cutoff_raw": 0.4585586697224929,
  "decision_cutoff_proba": 0.43124100148256816,
  "decision_cutoff_rank": 0.5004194630872484,
  "oof_aucs": {
    "chemeleon": 0.9580419580419581,
    "rdkit": 0.9515868746637978
  },
  "proxy_aucs": {
    "chemeleon": 0.9505558544020082,
    "rdkit": 0.9518110095033171
  },
  "train_aucs": {
    "chemeleon": 1.0,
    "rdkit": 1.0
  },
  "quality_aucs": {
    "chemeleon": 0.9160839160839163,
    "rdkit": 0.9031737493275955
  },
  "active_descriptors": {
    "chemeleon": true,
    "rdkit": true
  },
  "ad_hard_cutoffs": {
    "chemeleon": 0.05450000241398811,
    "rdkit": 0.05450000241398811
  },
  "rank_error_curves": {
    "chemeleon": [
      [
        0.018624649775945724,
        0.0447477217931985,
        0.06591764923150596,
        0.09242524237127803,
        0.12901740624908484,
        0.17274311927825736,
        0.21325499025757308,
        0.24277494862986632,
        0.27949890623836954,
        0.41619477491085033,
        0.5425353244566822,
        0.7719458820292189,
        0.827681840958375,
        0.8664179762967992,
        0.8887417339500068,
        0.9056934301589943,
        0.9275664959840393,
        0.9531525075396879,
        0.9640454634855762,
        0.9816377483845039
      ],
      [
        0.09396874018489931,
        0.09671452769868338,
        0.0978592203825906,
        0.09949838628145875,
        0.10162033035512442,
        0.1047313453504647,
        0.10921682586141905,
        0.11626775883077815,
        0.1314574284116493,
        0.20543355819703102,
        0.34838048369556673,
        0.16480350779029937,
        0.13267676653592572,
        0.1269255998120702,
        0.11985450917672208,
        0.1158589001017801,
        0.1143626719731988,
        0.11132937079195122,
        0.11162452595630218,
        0.10939862291956086
      ]
    ],
    "rdkit": [
      [
        0.051100714324282086,
        0.08939724047213432,
        0.14173553785067014,
        0.15906630525155088,
        0.17622511193377363,
        0.20247834639554996,
        0.23748809007236715,
        0.3148817388452792,
        0.3925895812839947,
        0.47320105428167203,
        0.5607248569218212,
        0.6171389745532472,
        0.6893234391508828,
        0.7467424670111835,
        0.7987436496274006,
        0.8373574207630445,
        0.8581699660239962,
        0.8759773118179508,
        0.9332936336172462,
        0.9722798337980099
      ],
      [
        0.18307366373053585,
        0.21323608826998933,
        0.2188843439282632,
        0.22620541957297818,
        0.21911708375881178,
        0.23458410518495734,
        0.24218766105746992,
        0.27782527802952556,
        0.28084744607075496,
        0.3149022748202613,
        0.3210044195011414,
        0.3182773361318893,
        0.300289249589798,
        0.26650467998200517,
        0.25547854675993814,
        0.2584884521842517,
        0.24841410896802102,
        0.2439978753326562,
        0.2424621068667315,
        0.2303460167595075
      ]
    ]
  },
  "decision_cutoff_logit": -0.2767896897086207,
  "decision_cutoff_lift": 0.9016857303726425
}