{
  "n_components": 45,
  "n_features_in": 2048,
  "n_cal_knots": 200,
  "cal_min": 2.709402561187744,
  "cal_max": 35.6920280456543,
  "scaler": "standard"
}