{
    "portfolio": [
        "xgb",
        "rf"
    ],
    "max_batch_size": 100000,
    "max_imbalance_ratio": 100,
    "num_batches": 1,
    "population_prior": 0.1,
    "batch_priors": [
        0.1
    ],
    "decision_cutoff_raw": 0.12005452841520309,
    "decision_cutoff_proba": 0.10745662200746761,
    "decision_cutoff_rank": 0.8630064695555795,
    "decision_cutoff_logit": -2.116987865341929,
    "decision_cutoff_lift": 1.074566220074676
}