{
    "portfolio": [
        "lr",
        "xgb",
        "rf",
        "svc"
    ],
    "max_batch_size": 100000,
    "max_imbalance_ratio": 100,
    "num_batches": 1,
    "population_prior": 0.1,
    "batch_priors": [
        0.1
    ],
    "decision_cutoff_raw": 0.2427266175564263,
    "decision_cutoff_proba": 0.06147367979831697,
    "decision_cutoff_rank": 0.838139281828074,
    "decision_cutoff_logit": -2.7257017881526986,
    "decision_cutoff_lift": 0.6147367979831697
}