{
  "mode": "slow",
  "descriptor_types": [
    "chemeleon",
    "clamp",
    "morgan"
  ],
  "n_compounds": 1190,
  "n_actives": 119,
  "ratio_actives": 0.1,
  "population_prior": 0.1,
  "portfolio": [
    "lr",
    "xgb",
    "rf",
    "svc"
  ],
  "num_batches": {
    "chemeleon": 1,
    "clamp": 1,
    "morgan": 1
  },
  "decision_cutoff_raw": 0.2528107447074723,
  "decision_cutoff_proba": 0.07853975945881753,
  "decision_cutoff_rank": 0.8877516956061599,
  "oof_aucs": {
    "chemeleon": 0.9961631711508132,
    "clamp": 0.9980305847829328,
    "morgan": 0.998305204434715
  },
  "proxy_aucs": {
    "chemeleon": 0.9918477194799489,
    "clamp": 0.9968301045908559,
    "morgan": 0.9954295443667662
  },
  "train_aucs": {
    "chemeleon": 1.0,
    "clamp": 0.999980384310587,
    "morgan": 0.9999882305863522
  },
  "quality_aucs": {
    "chemeleon": 0.9923263423016264,
    "clamp": 0.9960807852552787,
    "morgan": 0.9966221782830779
  },
  "active_descriptors": {
    "chemeleon": true,
    "clamp": true,
    "morgan": true
  },
  "ad_hard_cutoffs": {
    "chemeleon": 0.052250005304813385,
    "clamp": 0.052250005304813385,
    "morgan": 0.052250005304813385
  },
  "rank_error_curves": {
    "chemeleon": [
      [
        0.2085013582073914,
        0.242896921628806,
        0.26102210331095005,
        0.28224873749744933,
        0.2989166008861024,
        0.3061316116004549,
        0.3137833369345657,
        0.3222524339695243,
        0.33743512899690725,
        0.3545176451691709,
        0.3722314575368938,
        0.39611967918813895,
        0.4227525916845647,
        0.4551001637315629,
        0.4810644779823102,
        0.5165886144427244,
        0.5733735520559334,
        0.746190049772299,
        0.9562563676865302,
        0.9815559986926611
      ],
      [
        0.008200792708742518,
        0.008491232507338358,
        0.008960014169380696,
        0.00927470643502735,
        0.010185852443234108,
        0.010120465540375875,
        0.009964630726433653,
        0.00993759622848612,
        0.009844968076106575,
        0.010123057824219767,
        0.00982732384010106,
        0.009743942402390113,
        0.009847579504806407,
        0.009922345082459918,
        0.009993452696233468,
        0.009899509272627966,
        0.010222308011147006,
        0.12588378025826233,
        0.17591584349078124,
        0.13191019487298603
      ]
    ],
    "clamp": [
      [
        0.20546837981014035,
        0.23409787024418227,
        0.260505438853495,
        0.28504946385951546,
        0.30511603338628696,
        0.3258036475318593,
        0.34844031015543186,
        0.3703040539151024,
        0.39425088261695074,
        0.42045998767374215,
        0.45253359006918015,
        0.4752686226380298,
        0.5023723833895941,
        0.5402971984317817,
        0.585022112411192,
        0.6492788931355442,
        0.7247494165258148,
        0.8907716608084129,
        0.9716686126152736,
        0.9961324711462525
      ],
      [
        0.01228848229881853,
        0.012783819644157757,
        0.013036913750008686,
        0.013132757575391412,
        0.0134405237280091,
        0.013582645721827998,
        0.01378366152060423,
        0.014000399938671575,
        0.014088035486559588,
        0.014488888502026676,
        0.014877330778465765,
        0.015012653831581407,
        0.015123554670512955,
        0.015392837414099008,
        0.016029148620713626,
        0.016343987069236218,
        0.016914003758037862,
        0.12065390218427673,
        0.12284382463933975,
        0.10831668418811065
      ]
    ],
    "morgan": [
      [
        0.23618734505140157,
        0.33815496616421564,
        0.37269135922474267,
        0.4022009688807675,
        0.4232077433103945,
        0.451492294947728,
        0.46939662401339277,
        0.48766244761383876,
        0.5069279763910588,
        0.5235453689316407,
        0.5419815023473473,
        0.559287150149403,
        0.583130476910943,
        0.604727701723756,
        0.6290178431576551,
        0.6565363197416669,
        0.6905940520919909,
        0.8852863320779829,
        0.949872113903718,
        0.9995667938181313
      ],
      [
        0.009461471933632754,
        0.009978117150473783,
        0.010415194037230907,
        0.010777642228818335,
        0.01094636463853403,
        0.01118771516338107,
        0.01126096148152343,
        0.011549302316733925,
        0.011823974161947737,
        0.012046459831720372,
        0.012319622073921574,
        0.012599464950112342,
        0.012937353814772632,
        0.01311950674444886,
        0.01359879370713289,
        0.013697316253337869,
        0.014176382029338202,
        0.10476293081338729,
        0.12051740776386399,
        0.09508702233427699
      ]
    ]
  },
  "decision_cutoff_logit": -2.4623546432365835,
  "decision_cutoff_lift": 0.7853975945881753
}