{
  "task": "classification",
  "format": "onnx",
  "preset_name": "default",
  "use_linear": false,
  "n_features_in": 1788,
  "classes": [
    0,
    1
  ],
  "params": {
    "C": 1.0,
    "kernel": "rbf",
    "gamma": "scale",
    "class_weight": "balanced",
    "max_iter": 1495,
    "tol": 0.001,
    "random_state": 42,
    "use_linear": false
  },
  "profile": {
    "n_samples": 299,
    "n_features": 1788,
    "n_p_ratio": 0.16722595078299776,
    "sparsity": 0.0,
    "is_sparse_counts": false,
    "binary_feature_fraction": 0.0,
    "feature_signal_strength": 0.18269990889925744,
    "feature_signal_p90": 0.3693214885921317,
    "task": "classification",
    "imbalance_ratio": 1.0909090909090908,
    "y_skewness": 0.0,
    "y_all_positive": false
  },
  "portfolio_scores": {
    "heuristic": 0.9450980392156862,
    "default": 0.9490196078431372,
    "linear": 0.8745098039215686,
    "balanced_rbf": 0.9490196078431372
  },
  "decision_cutoff_raw": 0.3820712774353874,
  "decision_cutoff_raw_source": "oof_balanced_accuracy",
  "decision_cutoff_proba": 0.2976269376682316,
  "decision_cutoff_rank": 0.436241610738255,
  "decision_cutoff_logit": -0.8586238754702017,
  "calibrator": {
    "method": "platt",
    "coef": 7.068347664636153,
    "intercept": -3.559236497055174
  },
  "ranker": {
    "knots": [
      0.22582904765852746,
      0.2306068019946047,
      0.23109825042753046,
      0.2380697088566845,
      0.23814308802213324,
      0.24213273680061062,
      0.24418361300627411,
      0.2457816294612413,
      0.246629359342158,
      0.24709853383410119,
      0.24829617595761277,
      0.2490931108200991,
      0.24950859334248093,
      0.25000278590178504,
      0.2500232371250081,
      0.25115225053064544,
      0.2511524213937073,
      0.25210027394762496,
      0.25259104215881784,
      0.2535053983886656,
      0.25465120575806516,
      0.2555662254771466,
      0.2560587735778799,
      0.2572391063276866,
      0.25724946122216524,
      0.2586906018650249,
      0.25939812903260295,
      0.2601339052058468,
      0.26021690658310004,
      0.2608535970559963,
      0.26153504573966374,
      0.2616357183766775,
      0.2616794576575427,
      0.2621116769741531,
      0.26240588420413613,
      0.2624136460684806,
      0.2625510457237853,
      0.26281484857362974,
      0.26347405763530374,
      0.26353064902871465,
      0.26366188292927456,
      0.26422310781670766,
      0.2642251236892951,
      0.2643334816873441,
      0.2649512699955086,
      0.2651005718530235,
      0.2659069081719905,
      0.2663205583618537,
      0.2667938395177418,
      0.2676889724201379,
      0.26822265623683494,
      0.2684094596110456,
      0.26856810564515543,
      0.26894107547271223,
      0.269210965209864,
      0.26941460128875905,
      0.2696195898748224,
      0.26969392013324545,
      0.2698193763362924,
      0.26994953699086116,
      0.2699507758887634,
      0.27025446418882704,
      0.270342177394057,
      0.27035396427080466,
      0.2707539935567056,
      0.27101159625509297,
      0.271023197423241,
      0.2712611686537479,
      0.2715052601772499,
      0.2734893589906367,
      0.27357048944433,
      0.27389156714742596,
      0.2741502280130919,
      0.27483869006642697,
      0.2749082059654746,
      0.27565752792517056,
      0.2757417779037029,
      0.27665884244176536,
      0.27771398262347935,
      0.27807487884843785,
      0.2784415572481315,
      0.2802806417151819,
      0.2806154847217202,
      0.2810068060595983,
      0.2813582943260948,
      0.28248607579473944,
      0.283247729186028,
      0.2843546630885359,
      0.2847834093667501,
      0.28503692989235696,
      0.28611566522852866,
      0.2867396618381306,
      0.2894145634712086,
      0.29055457036257365,
      0.29194801733223197,
      0.2923662745355471,
      0.2931621991704047,
      0.29450150549253495,
      0.2962085345921695,
      0.29883082472300504,
      0.3016889287667192,
      0.30218404049964165,
      0.3033314361900053,
      0.3046520831084056,
      0.30700408561026177,
      0.3079319821084782,
      0.30793782092250754,
      0.313535233026194,
      0.31702303610885746,
      0.3192171147724363,
      0.320406399142207,
      0.3207496478260151,
      0.32311970179496763,
      0.32332276999848925,
      0.32453193336741676,
      0.3277270221238805,
      0.32933586358386885,
      0.33032529717360376,
      0.33304556802171914,
      0.3348968346410853,
      0.3382394532059708,
      0.33999903565404266,
      0.3425592115203196,
      0.34356205384944855,
      0.3524654744711284,
      0.3530664655998277,
      0.36553698038724086,
      0.368384805296572,
      0.37743581191938375,
      0.37811816928126357,
      0.3820712774353874,
      0.384613681498335,
      0.3855024932826549,
      0.38587111163456755,
      0.39418063927578656,
      0.3963029230464803,
      0.39871549857259686,
      0.40681427727275943,
      0.41705776615807505,
      0.42367759575680447,
      0.4288329013563233,
      0.43301384413566013,
      0.4338158644612338,
      0.4449218970262236,
      0.44680568905399226,
      0.4480047202175918,
      0.46225697415062666,
      0.4641192538079776,
      0.46653201493436375,
      0.4742947349122185,
      0.47616684167096773,
      0.4861048809558475,
      0.48878693328234163,
      0.5046241866589221,
      0.5046572781930576,
      0.5127785235218544,
      0.5175578868555815,
      0.5175737547535304,
      0.5207947682396699,
      0.532347670485985,
      0.5374764777572897,
      0.5412364785634964,
      0.552399898108454,
      0.5541716564527577,
      0.5595018685345224,
      0.5704066121485025,
      0.5724727146424261,
      0.5800007810263114,
      0.5843207552106604,
      0.5918185081677186,
      0.5923857329521747,
      0.5946088829897445,
      0.5951619936557722,
      0.5975010581600705,
      0.6005286289104003,
      0.6006965181589008,
      0.6067435693966179,
      0.6095031249033204,
      0.6103157292065977,
      0.6173441492393548,
      0.621492009003251,
      0.6273912312510294,
      0.6278824674448712,
      0.6280353124553092,
      0.6376555095161264,
      0.6413293462215984,
      0.6424304144295492,
      0.6449505157865496,
      0.6459470557241909,
      0.6462011093883838,
      0.6497434404721502,
      0.6522656527805166,
      0.6522774583641194,
      0.6533707922794503,
      0.655962742609863,
      0.656004681926907,
      0.6591873530397194,
      0.6663590112595329,
      0.6669751654063122,
      0.6698181637732342,
      0.6704279699480997,
      0.6707101044867062,
      0.6743788314598985,
      0.6765669597497169,
      0.6779123784362278,
      0.6797887258281581,
      0.6828817391865557,
      0.683844675778038,
      0.684007676413719,
      0.6840327888463315,
      0.684962566365366,
      0.6852952820425193,
      0.6853539722831913,
      0.6859822204616857,
      0.6868499333121553,
      0.6869394177142806,
      0.6874172935252447,
      0.6909278814770349,
      0.691716489280318,
      0.6934409097367796,
      0.6936906979092746,
      0.695014589961486,
      0.6950726142167026,
      0.6973031634340026,
      0.6978870682248439,
      0.6981657738782319,
      0.700946749520756,
      0.701093898857535,
      0.7012043918998775,
      0.7035347064039612,
      0.703719768684141,
      0.7050956212219428,
      0.7054805470081466,
      0.7060270912001866,
      0.7063991741365965,
      0.7067497175438656,
      0.7071029961244895,
      0.70750662570954,
      0.7089976554595971,
      0.7092821669486461,
      0.7116837265457593,
      0.711880151164912,
      0.7121856781099654,
      0.7130881983394692,
      0.7138898045043519,
      0.7140297227489694,
      0.7140317885987483,
      0.7144568586159815,
      0.7152217139786455,
      0.715519321898,
      0.7158923565148634,
      0.7162740613248544,
      0.7164745735595491,
      0.7167346797701328,
      0.716790468764664,
