{
  "task": "classification",
  "format": "onnx",
  "preset_name": "default",
  "best_iteration": 99,
  "params": {
    "tree_method": "hist",
    "device": "cpu",
    "learning_rate": 0.3,
    "max_depth": 6,
    "min_child_weight": 1,
    "subsample": 1.0,
    "colsample_bytree": 1.0,
    "reg_alpha": 0.0,
    "reg_lambda": 1.0,
    "max_bin": 256,
    "n_estimators": 2000,
    "early_stopping_rounds": 50,
    "nthread": 64,
    "objective": "binary:logistic",
    "scale_pos_weight": 1.0909,
    "eval_metric": "auc"
  },
  "profile": {
    "n_samples": 299,
    "n_features": 1788,
    "n_p_ratio": 0.16722595078299776,
    "sparsity": 0.0,
    "is_sparse_counts": false,
    "binary_feature_fraction": 0.0,
    "feature_signal_strength": 0.18269990889925744,
    "feature_signal_p90": 0.3693214885921317,
    "task": "classification",
    "imbalance_ratio": 1.0909090909090908,
    "y_skewness": 0.0,
    "y_all_positive": false
  },
  "portfolio_scores": {
    "flaml": NaN,
    "autogluon": NaN,
    "heuristic": 0.9464052287581698,
    "default": 0.9725490196078431
  },
  "decision_cutoff_raw": 0.6851972937583923,
  "decision_cutoff_raw_source": "oof_balanced_accuracy",
  "decision_cutoff_proba": 0.6526886517642021,
  "decision_cutoff_rank": 0.5100671140939598,
  "decision_cutoff_logit": 0.6308785840710366,
  "calibrator": {
    "method": "platt",
    "coef": 4.368511492218055,
    "intercept": -2.3624136681492107
  },
  "ranker": {
    "knots": [
      0.0006083741900511086,
      0.0006140557234175503,
      0.0006638928316533566,
      0.0007099646027199924,
      0.0007257582037709653,
      0.0007681527640670538,
      0.0007833794225007296,
      0.00078724161721766,
      0.0007907719700597227,
      0.0007980422233231366,
      0.0009207104449160397,
      0.0009268598514609039,
      0.0009437252883799374,
      0.0009740632958710194,
      0.0009897117270156741,
      0.0009976441506296396,
      0.0010201518889516592,
      0.0010444102808833122,
      0.0010832827538251877,
      0.0010982711100950837,
      0.001156446523964405,
      0.0011706928489729762,
      0.0012672721641138196,
      0.0012919496512040496,
      0.001314318971708417,
      0.001345402910374105,
      0.0013566039269790053,
      0.0013843686319887638,
      0.0015463349409401417,
      0.0015712656313553452,
      0.001574875321239233,
      0.0015888051129877567,
      0.0016020865878090262,
      0.001606062287464738,
      0.001621197210624814,
      0.0016654030187055469,
      0.0017413359601050615,
      0.0018157847225666046,
      0.0018180651823058724,
      0.001856955699622631,
      0.0019202588591724634,
      0.001938012195751071,
      0.0019548286218196154,
      0.0021440947894006968,
      0.002237495267763734,
      0.0022624689154326916,
      0.0023050473537296057,
      0.0023489794693887234,
      0.002403796184808016,
      0.002408398548141122,
      0.002450300147756934,
      0.0025226022116839886,
      0.0025362148880958557,
      0.002555407816544175,
      0.0027432511560618877,
      0.0029880746733397245,
      0.0030203149653971195,
      0.003039298579096794,
      0.003105463460087776,
      0.0033021538984030485,
      0.0033711770083755255,
      0.0034310759510844946,
      0.0037023776676505804,
      0.0037947443779557943,
      0.003865793813019991,
      0.003973118960857391,
      0.004156137350946665,
      0.004193732514977455,
      0.004305900540202856,
      0.004437909461557865,
      0.004527668934315443,
      0.004568090662360191,
      0.004818440414965153,
      0.0048945313319563866,
      0.004917629063129425,
      0.005206107161939144,
      0.005332008004188538,
      0.00538689736276865,
      0.0054581924341619015,
      0.005617121700197458,
      0.005707457661628723,
      0.005758739076554775,
      0.005834816489368677,
      0.0060547031462192535,
      0.006060109473764896,
      0.006095048971474171,
      0.00613352982327342,
      0.006265212781727314,
      0.0064971186220645905,
      0.006669221445918083,
      0.006812356412410736,
      0.006924851797521114,
      0.007061748765408993,
      0.0073068272322416306,
      0.007340974640101194,
      0.007471785414963961,
      0.007931609638035297,
      0.008507706224918365,
      0.00854404829442501,
      0.00870010070502758,
      0.00871655810624361,
      0.009546559303998947,
      0.009553441777825356,
      0.010041621513664722,
      0.010953298769891262,
      0.011082069016993046,
      0.013008570298552513,
      0.013092578388750553,
      0.013242846354842186,
      0.013288634829223156,
      0.013938503339886665,
      0.014167510904371738,
      0.01480893138796091,
      0.0170570258051157,
      0.017100602388381958,
      0.017425771802663803,
      0.01761009730398655,
      0.019425436854362488,
      0.020155765116214752,
      0.020693134516477585,
      0.02190271206200123,
      0.022456759586930275,
      0.02752670831978321,
      0.034076668322086334,
      0.03427911177277565,
      0.03513367474079132,
      0.03657975047826767,
      0.038964275270700455,
      0.04351532459259033,
      0.04396606609225273,
      0.05533011257648468,
      0.05798894912004471,
      0.06116753816604614,
      0.062444884330034256,
      0.06291438639163971,
      0.06478451192378998,
      0.07455041259527206,
      0.10643094778060913,
      0.11142095178365707,
      0.13828249275684357,
      0.2020438313484192,
      0.31508535146713257,
      0.3402131199836731,
      0.34707412123680115,
      0.35098907351493835,
      0.4186755418777466,
      0.44471022486686707,
      0.4453516900539398,
      0.555854856967926,
      0.5879702568054199,
      0.6055652499198914,
      0.6413922905921936,
      0.6851972937583923,
      0.6866365075111389,
      0.7108719348907471,
      0.7125177979469299,
      0.7251802682876587,
      0.7265228033065796,
      0.7322877049446106,
      0.7339270710945129,
      0.7512328028678894,
      0.751733124256134,
      0.7634226083755493,
      0.8124637007713318,
      0.8324925899505615,
      0.8541759252548218,
      0.86626797914505,
      0.8686261177062988,
      0.874783456325531,
      0.8760817646980286,
      0.8789880871772766,
      0.8815923929214478,
      0.8893774151802063,
      0.9007176756858826,
      0.9094776511192322,
      0.9104607105255127,
      0.9197936058044434,
      0.9225442409515381,
      0.9245383143424988,
      0.9292112588882446,
      0.9335315227508545,
      0.9343267679214478,
      0.9393069744110107,
      0.9418685436248779,
      0.9424492716789246,
      0.9455879926681519,
      0.9459990859031677,
      0.9477972984313965,
      0.9537733197212219,
      0.954103410243988,
      0.9555011987686157,
      0.9557187557220459,
      0.9576982259750366,
      0.9577910304069519,
      0.960070013999939,
      0.960246741771698,
      0.9603321552276611,
      0.9633892774581909,
      0.965711236000061,
      0.9670184850692749,
      0.9671661257743835,
      0.9688388705253601,
      0.96888667345047,
      0.9695582389831543,
      0.9705018997192383,
      0.9760729074478149,
      0.9761976599693298,
      0.9777047634124756,
      0.9780653119087219,
      0.9793720841407776,
      0.980876624584198,
      0.9816455841064453,
      0.9821204543113708,
      0.9823566675186157,
      0.9835055470466614,
      0.9835816621780396,
      0.9837248921394348,
      0.9837275743484497,
      0.9847483038902283,
      0.985160231590271,
      0.9866309762001038,
      0.9874998927116394,
      0.9877614974975586,
      0.9883264899253845,
      0.9886738657951355,
      0.9889746904373169,
      0.9898871779441833,
      0.9901891350746155,
      0.9903460144996643,
      0.9904183745384216,
      0.9904373288154602,
      0.9906339645385742,
      0.9908431768417358,
      0.991607666015625,
      0.9917193651199341,
      0.9917850494384766,
      0.991873562335968,
      0.9918979406356812,
      0.9920319318771362,
