{
    "portfolio": [
        "lr",
        "xgb",
        "rf",
        "svc"
    ],
    "max_batch_size": 100000,
    "max_imbalance_ratio": 100,
    "num_batches": 1,
    "population_prior": 0.1,
    "batch_priors": [
        0.1
    ],
    "decision_cutoff_raw": 0.28719875411863,
    "decision_cutoff_proba": 0.11002360877683035,
    "decision_cutoff_rank": 0.8841789052069425,
    "decision_cutoff_logit": -2.0904999676511804,
    "decision_cutoff_lift": 1.1002360877683033
}