{
  "mode": "slow",
  "descriptor_types": [
    "chemeleon",
    "clamp",
    "morgan"
  ],
  "n_compounds": 1330,
  "n_actives": 133,
  "ratio_actives": 0.1,
  "population_prior": 0.1,
  "portfolio": [
    "lr",
    "xgb",
    "rf",
    "svc"
  ],
  "num_batches": {
    "chemeleon": 1,
    "clamp": 1,
    "morgan": 1
  },
  "decision_cutoff_raw": 0.22079918607664664,
  "decision_cutoff_proba": 0.06336165985492605,
  "decision_cutoff_rank": 0.8954832118891867,
  "oof_aucs": {
    "chemeleon": 0.9991897035822639,
    "clamp": 0.9996984943561913,
    "morgan": 0.9998304030753575
  },
  "proxy_aucs": {
    "chemeleon": 0.9989353081953003,
    "clamp": 0.9996419620479772,
    "morgan": 0.9995948517911319
  },
  "train_aucs": {
    "chemeleon": 1.0,
    "clamp": 1.0,
    "morgan": 1.0
  },
  "quality_aucs": {
    "chemeleon": 0.9983794071645278,
    "clamp": 0.9993969887123826,
    "morgan": 0.9996608061507151
  },
  "active_descriptors": {
    "chemeleon": true,
    "clamp": true,
    "morgan": true
  },
  "ad_hard_cutoffs": {
    "chemeleon": 0.05225002393126488,
    "clamp": 0.05225002393126488,
    "morgan": 0.05225002393126488
  },
  "rank_error_curves": {
    "chemeleon": [
      [
        0.19720525727588414,
        0.21611494027734426,
        0.23056650920178307,
        0.24756486957438378,
        0.2666542433773951,
        0.284083264708575,
        0.30163633688424063,
        0.31940702818253663,
        0.33235218803853106,
        0.3502579621446243,
        0.37121043812214277,
        0.389336056670865,
        0.40488229177736784,
        0.4344410916842437,
        0.4716724760825821,
        0.5234013435119824,
        0.6045277244859364,
        0.864214721947355,
        0.976196403264869,
        1.0
      ],
      [
        0.006850779303374266,
        0.007137962017265449,
        0.007309932696092408,
        0.007512533367977086,
        0.007730381679203263,
        0.007916419327131672,
        0.00809973369292159,
        0.008338341213176892,
        0.008621679120741122,
        0.008688674131264307,
        0.00925716285831543,
        0.009509880235472813,
        0.010305943891987638,
        0.010284313374025886,
        0.00989924044564038,
        0.010543421381208274,
        0.011708279077830891,
        0.08348177399794211,
        0.09938122483561178,
        0.08624141430131693
      ]
    ],
    "clamp": [
      [
        0.23051387111682972,
        0.24745579658735514,
        0.2663437427029237,
        0.28964810716013467,
        0.30921679185940676,
        0.33141885004127497,
        0.35897528860084194,
        0.38010761071182525,
        0.4043302827439617,
        0.4270092939837567,
        0.4517457682706782,
        0.4775745311813052,
        0.5061220941096634,
        0.5425226994842557,
        0.5916141463443017,
        0.6467741400210527,
        0.7183107549021603,
        0.8786995835048836,
        0.9694863595110448,
        0.9994433167663578
      ],
      [
        0.008908448402158228,
        0.00929163719201754,
        0.009518931262126544,
        0.00959782966080305,
        0.009767132639333978,
        0.0099416013975053,
        0.009996743861678167,
        0.010280275392046978,
        0.01024214807112291,
        0.010355411737061997,
        0.010661862203403299,
        0.010954958160710335,
        0.011018665663731608,
        0.011144464774747596,
        0.011115340124323097,
        0.011450056447927624,
        0.011951925349851934,
        0.07707496589092476,
        0.09826697681016942,
        0.08674910668385417
      ]
    ],
    "morgan": [
      [
        0.43112495415688534,
        0.4717476846075895,
        0.4945984316167417,
        0.5137454006866264,
        0.5322715094599904,
        0.5455803127528265,
        0.5612182096708426,
        0.5784009180069131,
        0.5931244813140912,
        0.6092204755461648,
        0.6249215259539866,
        0.6382714591804128,
        0.6566307221298456,
        0.6772341240554922,
        0.6964963590790982,
        0.7219908688225143,
        0.7559578970034769,
        0.8575110929244183,
        0.9651886074448768,
        0.9852079291566811
      ],
      [
        0.008123894922525958,
        0.008669401526969867,
        0.008882258941207675,
        0.009044582712269713,
        0.009281017577495368,
        0.009379656845199369,
        0.009575323281899676,
        0.009762013719241718,
        0.009926489508989524,
        0.010339001305683411,
        0.010536456028272792,
        0.011024319099697186,
        0.010893607881397373,
        0.011089337503893907,
        0.011409933192616815,
        0.011627766551414004,
        0.011670240425450808,
        0.07698806218646058,
        0.10318683328570485,
        0.0780980556623091
      ]
    ]
  },
  "decision_cutoff_logit": -2.693438286996087,
  "decision_cutoff_lift": 0.6336165985492604
}