{
  "mode": "slow",
  "descriptor_types": [
    "chemeleon",
    "morgan"
  ],
  "n_compounds": 1560,
  "n_actives": 156,
  "ratio_actives": 0.1,
  "population_prior": 0.1,
  "portfolio": [
    "lr",
    "xgb",
    "rf",
    "svc"
  ],
  "num_batches": {
    "chemeleon": 1,
    "morgan": 1
  },
  "decision_cutoff_raw": 0.13850448047500155,
  "decision_cutoff_proba": 0.03951242173535308,
  "decision_cutoff_rank": 0.8814143681847337,
  "oof_aucs": {
    "chemeleon": 0.9941878515596465,
    "morgan": 0.9908640149024764
  },
  "proxy_aucs": {
    "chemeleon": 0.995767587113741,
    "morgan": 0.9953155818540433
  },
  "train_aucs": {
    "chemeleon": 1.0,
    "morgan": 0.9998036744831617
  },
  "quality_aucs": {
    "chemeleon": 0.988375703119293,
    "morgan": 0.9819243553217912
  },
  "active_descriptors": {
    "chemeleon": true,
    "morgan": true
  },
  "ad_hard_cutoffs": {
    "chemeleon": 0.05000000074505806,
    "morgan": 0.05000000074505806
  },
  "rank_error_curves": {
    "chemeleon": [
      [
        0.2858237583426141,
        0.34755497886993025,
        0.3708529141497836,
        0.3949039000597098,
        0.413608337209594,
        0.4324728630188107,
        0.44788637976301776,
        0.4685520239874402,
        0.4900222866826004,
        0.5107335025759882,
        0.5362960080707521,
        0.5601664364264624,
        0.5887832250091516,
        0.6160619414978528,
        0.6500839320272999,
        0.6934513891042369,
        0.7459848808033065,
        0.8926564749482446,
        0.9576980395237837,
        0.9973105188418288
      ],
      [
        0.011762642514284835,
        0.011911079789824957,
        0.012041345131049496,
        0.012181346894630365,
        0.012319908690066102,
        0.012505850283447048,
        0.012577620237713352,
        0.012725624955111155,
        0.012973237006547844,
        0.01327951226888305,
        0.013734091128999506,
        0.013583911607540692,
        0.01455544300378789,
        0.014892875635600374,
        0.015118257944769264,
        0.016693023666145255,
        0.01812543259799255,
        0.13842507525447412,
        0.10829808011475955,
        0.08846046351723873
      ]
    ],
    "morgan": [
      [
        0.18540581972549247,
        0.23659484795713304,
        0.2698808036484842,
        0.29043921514710525,
        0.3180402380155868,
        0.3385908289555389,
        0.35653942428708785,
        0.37346514422020355,
        0.39418463684682536,
        0.41103430232568006,
        0.43239141806405834,
        0.4542335511826912,
        0.47939911147600184,
        0.5111650901004587,
        0.5522098053246676,
        0.593188842446293,
        0.6472046604336256,
        0.8921780054035297,
        0.9662065074816248,
        0.9994251737544981
      ],
      [
        0.010113947847454598,
        0.010625159433446666,
        0.01099342257076845,
        0.011110356823065845,
        0.011427404021038012,
        0.011744132090033272,
        0.011687997021685832,
        0.012160056431649848,
        0.012672062724076172,
        0.012131148887632769,
        0.012846769884279172,
        0.012988205041593074,
        0.013345838568545532,
        0.013802801154182752,
        0.0154732761498987,
        0.015173435090925318,
        0.018894238657889396,
        0.17874414298557278,
        0.1265657111745357,
        0.10769939087731151
      ]
    ]
  },
  "decision_cutoff_logit": -3.1908259527699103,
  "decision_cutoff_lift": 0.3951242173535308
}