{
    "portfolio": [
        "xgb",
        "rf",
        "svc"
    ],
    "max_batch_size": 100000,
    "max_imbalance_ratio": 100,
    "num_batches": 1,
    "population_prior": 0.1,
    "batch_priors": [
        0.1
    ],
    "decision_cutoff_raw": 0.19427901552613433,
    "decision_cutoff_proba": 0.05998192691098453,
    "decision_cutoff_rank": 0.8763148349655423,
    "decision_cutoff_logit": -2.7518558030731177,
    "decision_cutoff_lift": 0.5998192691098453
}