{
    "portfolio": [
        "lr",
        "xgb",
        "rf",
        "svc"
    ],
    "max_batch_size": 100000,
    "max_imbalance_ratio": 100,
    "num_batches": 1,
    "population_prior": 0.1,
    "batch_priors": [
        0.1
    ],
    "decision_cutoff_raw": 0.21301362452497025,
    "decision_cutoff_proba": 0.06925197913234174,
    "decision_cutoff_rank": 0.8887765419615774,
    "decision_cutoff_logit": -2.598236862178638,
    "decision_cutoff_lift": 0.6925197913234173
}