{
    "portfolio": [
        "xgb",
        "rf",
        "svc"
    ],
    "max_batch_size": 100000,
    "max_imbalance_ratio": 100,
    "num_batches": 1,
    "population_prior": 0.1,
    "batch_priors": [
        0.1
    ],
    "decision_cutoff_raw": 0.2806159735468914,
    "decision_cutoff_proba": 0.049550420475744573,
    "decision_cutoff_rank": 0.8222722159730034,
    "decision_cutoff_logit": -2.9539443676276997,
    "decision_cutoff_lift": 0.4955042047574457
}