{
    "portfolio": [
        "lr",
        "xgb",
        "rf",
        "svc"
    ],
    "max_batch_size": 100000,
    "max_imbalance_ratio": 100,
    "num_batches": 1,
    "population_prior": 0.1,
    "batch_priors": [
        0.1
    ],
    "decision_cutoff_raw": 0.16417268898422507,
    "decision_cutoff_proba": 0.05110310419405861,
    "decision_cutoff_rank": 0.8647738209817133,
    "decision_cutoff_logit": -2.921454904811623,
    "decision_cutoff_lift": 0.5110310419405861
}