{
  "n_components": 45,
  "n_features_in": 2048,
  "n_cal_knots": 200,
  "cal_min": 1.6271522045135498,
  "cal_max": 33.37486267089844,
  "scaler": "standard"
}