{
    "portfolio": [
        "lr",
        "xgb",
        "rf",
        "svc"
    ],
    "max_batch_size": 100000,
    "max_imbalance_ratio": 100,
    "num_batches": 1,
    "population_prior": 0.1,
    "batch_priors": [
        0.1
    ],
    "decision_cutoff_raw": 0.19550830984353146,
    "decision_cutoff_proba": 0.056945520166794404,
    "decision_cutoff_rank": 0.8832153690596563,
    "decision_cutoff_logit": -2.8070290296206126,
    "decision_cutoff_lift": 0.569455201667944
}