{
  "n_components": 27,
  "n_features_in": 768,
  "n_cal_knots": 200,
  "cal_min": 3.026872158050537,
  "cal_max": 10.292243957519531,
  "scaler": "standard"
}