{
    "portfolio": [
        "lr",
        "xgb",
        "rf",
        "svc"
    ],
    "max_batch_size": 100000,
    "max_imbalance_ratio": 100,
    "num_batches": 1,
    "population_prior": 0.38461538461538464,
    "batch_priors": [
        0.38461538461538464
    ],
    "decision_cutoff_raw": 0.3790232871117737,
    "decision_cutoff_proba": 0.3443135772257641,
    "decision_cutoff_rank": 0.49295774647887325,
    "decision_cutoff_logit": -0.644129856739135,
    "decision_cutoff_lift": 0.8952153007869866
}