{
    "portfolio": [
        "lr",
        "xgb",
        "rf",
        "svc"
    ],
    "max_batch_size": 100000,
    "max_imbalance_ratio": 100,
    "num_batches": 1,
    "population_prior": 0.1,
    "batch_priors": [
        0.1
    ],
    "decision_cutoff_raw": 0.26963731927839996,
    "decision_cutoff_proba": 0.07621989859246732,
    "decision_cutoff_rank": 0.8793588301462318,
    "decision_cutoff_logit": -2.4948514928424452,
    "decision_cutoff_lift": 0.7621989859246732
}