{
    "portfolio": [
        "xgb",
        "rf",
        "svc"
    ],
    "max_batch_size": 100000,
    "max_imbalance_ratio": 100,
    "num_batches": 1,
    "population_prior": 0.1,
    "batch_priors": [
        0.1
    ],
    "decision_cutoff_raw": 0.27805308050533195,
    "decision_cutoff_proba": 0.09540176896097967,
    "decision_cutoff_rank": 0.8832731648616127,
    "decision_cutoff_logit": -2.249393780674247,
    "decision_cutoff_lift": 0.9540176896097966
}