{
  "mode": "slow",
  "descriptor_types": [
    "chemeleon",
    "clamp",
    "rdkit"
  ],
  "n_compounds": 890,
  "n_actives": 89,
  "ratio_actives": 0.1,
  "population_prior": 0.1,
  "portfolio": [
    "lr",
    "xgb",
    "rf",
    "svc"
  ],
  "num_batches": {
    "chemeleon": 1,
    "clamp": 1,
    "rdkit": 1
  },
  "decision_cutoff_raw": 0.24132075733285352,
  "decision_cutoff_proba": 0.061355712266905345,
  "decision_cutoff_rank": 0.8589238845144358,
  "oof_aucs": {
    "chemeleon": 0.9930283774495364,
    "clamp": 0.9953990096648853,
    "rdkit": 0.9877680988651826
  },
  "proxy_aucs": {
    "chemeleon": 0.9861058508325268,
    "clamp": 0.9953008177979772,
    "rdkit": 0.9859515493273858
  },
  "train_aucs": {
    "chemeleon": 1.0,
    "clamp": 1.0,
    "rdkit": 1.0
  },
  "quality_aucs": {
    "chemeleon": 0.9860567548990729,
    "clamp": 0.9907980193297705,
    "rdkit": 0.9755361977303652
  },
  "active_descriptors": {
    "chemeleon": true,
    "clamp": true,
    "rdkit": true
  },
  "ad_hard_cutoffs": {
    "chemeleon": 0.052250005304813385,
    "clamp": 0.052250005304813385,
    "rdkit": 0.05000000074505806
  },
  "rank_error_curves": {
    "chemeleon": [
      [
        0.392328521996084,
        0.4301991238180222,
        0.4519822547105542,
        0.4723617221988549,
        0.49172860853612005,
        0.5079832931119931,
        0.5266534231972049,
        0.5457823040249411,
        0.5643379962750094,
        0.5794715688539491,
        0.5932950673325522,
        0.6133100721097295,
        0.631993900267354,
        0.6581249938921605,
        0.6890107865631198,
        0.7302145421090773,
        0.7854579761329361,
        0.8961694344200222,
        0.970886216522483,
        0.9960554855695802
      ],
      [
        0.015194102731600453,
        0.015190764523106299,
        0.015197571251657134,
        0.015209553078272209,
        0.015243004690736407,
        0.015232050624564931,
        0.01527610420414201,
        0.01534590480882161,
        0.015551640592581554,
        0.015967602025401664,
        0.018988835822581228,
        0.020607586279006305,
        0.027647297043179316,
        0.03303290936928985,
        0.022761850974361723,
        0.03470155638204204,
        0.11259443812243358,
        0.22861777049163529,
        0.2347076010120593,
        0.19735959489351837
      ]
    ],
    "clamp": [
      [
        0.1603082376614066,
        0.201409447932672,
        0.22470892981765506,
        0.2495119835837299,
        0.2745631577582476,
        0.293450343205041,
        0.3237677823376164,
        0.3559448466882696,
        0.3798889196936883,
        0.4106748283594006,
        0.4371905044444266,
        0.47174488282257276,
        0.5089070897848904,
        0.5415596322420826,
        0.5919366999793926,
        0.646886543288385,
        0.7221967355465969,
        0.8945506004748582,
        0.9682665669217259,
        0.9981929719863661
      ],
      [
        0.013466927070165575,
        0.013818213246608028,
        0.01405253048063574,
        0.01420842106636194,
        0.014276463161321437,
        0.01455247360611327,
        0.014618599810034747,
        0.01488033518365179,
        0.01499621304698352,
        0.015037497986257939,
        0.015458166850837639,
        0.015549246540517888,
        0.015634936517945057,
        0.015980364192878946,
        0.016231200606976345,
        0.016740071727768986,
        0.017143520304585665,
        0.22452793387696474,
        0.19138213564586776,
        0.1739588583832956
      ]
    ],
    "rdkit": [
      [
        0.25425495963873124,
        0.3688609704854049,
        0.45929089190403416,
        0.5167907790760417,
        0.5353238305529835,
        0.5526985799356066,
        0.5684810161478366,
        0.5784731139743733,
        0.5953448345909355,
        0.6204690447942149,
        0.6389362274470578,
        0.6582519539829925,
        0.6780326831382462,
        0.7022004675524827,
        0.7289515980137982,
        0.7623949790894993,
        0.8097793665237345,
        0.8692972959785501,
        0.9284130467664602,
        0.9473821705696592
      ],
      [
        0.0216452096781246,
        0.0229173432041341,
        0.026815525275400983,
        0.042136740150327395,
        0.042621791057758776,
        0.043559242162146176,
        0.04303679238203693,
        0.043535070312808066,
        0.04321419348760554,
        0.04355543226794348,
        0.04353314247920625,
        0.04356105240651351,
        0.04355990207455459,
        0.043548416935555036,
        0.04358959652902988,
        0.04359975323122943,
        0.04388368528219137,
        0.18993260010668003,
        0.3678089810175905,
        0.3600852974608785
      ]
    ]
  },
  "decision_cutoff_logit": -2.7277483108246705,
  "decision_cutoff_lift": 0.6135571226690534
}