{
    "portfolio": [
        "lr",
        "xgb",
        "rf",
        "svc"
    ],
    "max_batch_size": 100000,
    "max_imbalance_ratio": 100,
    "num_batches": 1,
    "population_prior": 0.1,
    "batch_priors": [
        0.1
    ],
    "decision_cutoff_raw": 0.20051182928523265,
    "decision_cutoff_proba": 0.05481479523572162,
    "decision_cutoff_rank": 0.8394899904671116,
    "decision_cutoff_logit": -2.8474207486013463,
    "decision_cutoff_lift": 0.5481479523572161
}