{
    "portfolio": [
        "lr",
        "xgb",
        "rf",
        "svc"
    ],
    "max_batch_size": 100000,
    "max_imbalance_ratio": 100,
    "num_batches": 1,
    "population_prior": 0.38461538461538464,
    "batch_priors": [
        0.38461538461538464
    ],
    "decision_cutoff_raw": 0.4084940626371527,
    "decision_cutoff_proba": 0.3611466908337188,
    "decision_cutoff_rank": 0.5088028169014085,
    "decision_cutoff_logit": -0.570390643307268,
    "decision_cutoff_lift": 0.9389813961676688
}