{
  "n_components": 45,
  "n_features_in": 2048,
  "n_cal_knots": 200,
  "cal_min": 3.149562120437622,
  "cal_max": 11.872113227844238,
  "scaler": "standard"
}