{
  "n_components": 27,
  "n_features_in": 768,
  "n_cal_knots": 200,
  "cal_min": 2.7920162677764893,
  "cal_max": 12.439497947692871,
  "scaler": "standard"
}