{
  "mode": "slow",
  "descriptor_types": [
    "chemeleon",
    "morgan",
    "rdkit"
  ],
  "n_compounds": 1050,
  "n_actives": 105,
  "ratio_actives": 0.1,
  "population_prior": 0.1,
  "portfolio": [
    "lr",
    "xgb",
    "rf",
    "svc"
  ],
  "num_batches": {
    "chemeleon": 1,
    "morgan": 1,
    "rdkit": 1
  },
  "decision_cutoff_raw": 0.2622792967200875,
  "decision_cutoff_proba": 0.1312461731854104,
  "decision_cutoff_rank": 0.8621041203262366,
  "oof_aucs": {
    "chemeleon": 0.9927034517510708,
    "morgan": 0.9964021164021164,
    "rdkit": 0.9969463340891913
  },
  "proxy_aucs": {
    "chemeleon": 0.994426807760141,
    "morgan": 0.9952985638699925,
    "rdkit": 0.9949811035525321
  },
  "train_aucs": {
    "chemeleon": 1.0,
    "morgan": 0.9999294532627866,
    "rdkit": 0.999899218946838
  },
  "quality_aucs": {
    "chemeleon": 0.9854069035021416,
    "morgan": 0.9928747795414462,
    "rdkit": 0.9939934492315446
  },
  "active_descriptors": {
    "chemeleon": true,
    "morgan": true,
    "rdkit": true
  },
  "ad_hard_cutoffs": {
    "chemeleon": 0.052250005304813385,
    "morgan": 0.052250005304813385,
    "rdkit": 0.052250005304813385
  },
  "rank_error_curves": {
    "chemeleon": [
      [
        0.3905453599266334,
        0.41889415045292827,
        0.4345573736225656,
        0.4588714257515361,
        0.481614606174313,
        0.5012889216628893,
        0.5159208156120779,
        0.5303960606382642,
        0.5456691727223991,
        0.5641311192528322,
        0.5773385773883152,
        0.5908112408778741,
        0.6080731864857148,
        0.6278659634515406,
        0.6528789518023372,
        0.6830542282689923,
        0.7526209327280158,
        0.8936674382242595,
        0.9753667570952794,
        0.9982714355279387
      ],
      [
        0.015478300146614409,
        0.01549057063108595,
        0.015478265597829104,
        0.015493279913671698,
        0.015493319038135256,
        0.01550639531549443,
        0.01554669325660852,
        0.015608423509094386,
        0.01585918623717662,
        0.016428835143652957,
        0.019663697103085007,
        0.023179851315371536,
        0.024731703994966783,
        0.03653962765269424,
        0.023380028577792873,
        0.022925625757510896,
        0.06318221514003827,
        0.22344247614733997,
        0.23973502149352974,
        0.20572066400910516
      ]
    ],
    "morgan": [
      [
        0.18984371528208432,
        0.23451447187957633,
        0.2638914597049482,
        0.2926633697274348,
        0.32028412298006487,
        0.3438462197107925,
        0.364511024365688,
        0.3850503432325063,
        0.4036865651914428,
        0.4328730110239478,
        0.45344428384305047,
        0.47714639800986935,
        0.5026448423914456,
        0.5364044630598126,
        0.5779927814411155,
        0.6359816199386874,
        0.7329583546849285,
        0.8777993640062094,
        0.9683302257232803,
        0.9970655144432912
      ],
      [
        0.01126292306065808,
        0.011822127049862397,
        0.012892225580960212,
        0.012921514138212678,
        0.013329227005770335,
        0.013564869281124605,
        0.013924520903569718,
        0.014315448639060206,
        0.014901031080272327,
        0.014539929519992958,
        0.014848814478342336,
        0.01489679894580538,
        0.01570042201090485,
        0.01616041946072386,
        0.016150660484067027,
        0.01608891240535168,
        0.018522793028924192,
        0.1536033828497562,
        0.13982436998034128,
        0.13141283332145837
      ]
    ],
    "rdkit": [
      [
        0.24841841543526288,
        0.27118232892404825,
        0.30960920073577086,
        0.3434740327918252,
        0.3665621130248135,
        0.39304811902143477,
        0.41916729924228696,
        0.44110816881198656,
        0.4637666493458068,
        0.48719568420804127,
        0.5060932527907256,
        0.5318629747265085,
        0.5594355510009308,
        0.5988001313751943,
        0.6338434331738627,
        0.7003205537694404,
        0.7867945759420594,
        0.8920378592347993,
        0.971046236957084,
        0.9987703520763136
      ],
      [
        0.010667976260316714,
        0.010947169875468895,
        0.012740568343703258,
        0.014015925729591396,
        0.01394445723119391,
        0.015458557245160412,
        0.016247492177809787,
        0.017134246571231335,
        0.017892040135456182,
        0.018230274903048387,
        0.019164069876904638,
        0.02017748566773694,
        0.018674702834761737,
        0.019264915345459026,
        0.024496286748950154,
        0.026731731528557904,
        0.07145895663839923,
        0.23306597646296623,
        0.2039462761020486,
        0.18911309896499984
      ]
    ]
  },
  "decision_cutoff_logit": -1.8899850574716528,
  "decision_cutoff_lift": 1.3124617318541039
}