{
    "portfolio": [
        "lr",
        "xgb",
        "rf",
        "svc"
    ],
    "max_batch_size": 100000,
    "max_imbalance_ratio": 100,
    "num_batches": 1,
    "population_prior": 0.1,
    "batch_priors": [
        0.1
    ],
    "decision_cutoff_raw": 0.36072335964161645,
    "decision_cutoff_proba": 0.22949754074509404,
    "decision_cutoff_rank": 0.8834604385128693,
    "decision_cutoff_logit": -1.2111505327845071,
    "decision_cutoff_lift": 2.29497540745094
}