{
  "task": "classification",
  "format": "onnx",
  "preset_name": "heuristic",
  "use_linear": false,
  "n_features_in": 134,
  "classes": [
    0,
    1
  ],
  "params": {
    "C": 0.378153,
    "class_weight": "balanced",
    "max_iter": 5000,
    "tol": 0.001,
    "random_state": 42,
    "use_linear": false,
    "kernel": "rbf",
    "gamma": "scale"
  },
  "profile": {
    "n_samples": 143,
    "n_features": 134,
    "n_p_ratio": 1.0671641791044777,
    "sparsity": 0.0,
    "is_sparse_counts": false,
    "binary_feature_fraction": 0.0,
    "feature_signal_strength": 0.1450922944443927,
    "feature_signal_p90": 0.2832481944343406,
    "task": "classification",
    "imbalance_ratio": 1.6,
    "y_skewness": 0.0,
    "y_all_positive": false
  },
  "portfolio_scores": {},
  "decision_cutoff_raw": 0.5016332905064209,
  "decision_cutoff_raw_source": "oof_balanced_accuracy",
  "decision_cutoff_proba": 0.3721407026871785,
  "decision_cutoff_rank": 0.4295774647887324,
  "decision_cutoff_logit": -0.5230440767094527,
  "calibrator": {
    "method": "platt",
    "coef": 2.7947967699941323,
    "intercept": -1.9250071767383266
  },
  "ranker": {
    "knots": [
      0.24357144649839982,
      0.25404164040886107,
      0.25489670261392705,
      0.2626665739829352,
      0.26305333647832263,
      0.2686108460488734,
      0.269728804701072,
      0.2746104875248232,
      0.2761178047445568,
      0.27648284422578,
      0.27877221175639433,
      0.2791413032429869,
      0.2833640507189679,
      0.2841150742944024,
      0.2843909347105555,
      0.2863920211134235,
      0.29394178342136046,
      0.29647360949595275,
      0.30326351478347896,
      0.3036506859353216,
      0.30372230940926853,
      0.3060047701566294,
      0.3151714437739988,
      0.32549337527032035,
      0.3327358113422682,
      0.3338954198118651,
      0.3364212453105257,
      0.3468896117298743,
      0.3474444827875332,
      0.3507402168182493,
      0.3519991216260682,
      0.35952246830948814,
      0.3638814728433971,
      0.3647654564324753,
      0.3682262730694789,
      0.37946635453226435,
      0.38557691236560404,
      0.3873852358467108,
      0.3925948979857633,
      0.3958056088290988,
      0.40334197386827386,
      0.40447152422510363,
      0.4074818988103609,
      0.4083312108899959,
      0.4205867549259234,
      0.42868551557657814,
      0.43251050878276126,
      0.4348238968725694,
      0.43847143062389105,
      0.44063189545458287,
      0.4464558959327835,
      0.45191559533722364,
      0.45458184567028964,
      0.4570914912807988,
      0.45885349684067145,
      0.4665196122358583,
      0.46734270528114263,
      0.46781031792318456,
      0.4693829271975631,
      0.49083626797875585,
      0.5005683301328422,
      0.5016332905064209,
      0.5043663289144267,
      0.5145708702475053,
      0.5175282333736535,
      0.5180579035133036,
      0.5343274294982646,
      0.5357525480451343,
      0.5386494278491349,
      0.5389423823710022,
      0.5416300078808585,
      0.5458045424529404,
      0.5492683546998541,
      0.5520285304434278,
      0.5547748915759418,
      0.5549301171346238,
      0.5565693209823366,
      0.5577739303950966,
      0.5614782871639895,
      0.5645432296539087,
      0.5678068195850092,
      0.5721280569539386,
      0.5736210030525221,
      0.5736407185345516,
      0.5760391891187,
      0.5782762595071462,
      0.5838603616898281,
      0.5973507113709338,
      0.6024143452584977,
      0.6031519760862195,
      0.6034722044409916,
      0.6063950815369338,
      0.6069142024125845,
      0.6070078353086606,
      0.6095935795080705,
      0.6202006149839495,
      0.6214355213777525,
      0.6231734927742614,
      0.6260359474420908,
      0.6307727574832203,
      0.6313348712702336,
      0.6313731145515926,
      0.6343707551317411,
      0.6355388416621484,
      0.6362173465798502,
      0.6363245436006228,
      0.6367265358281106,
      0.6426571666366855,
      0.64391525900364,
      0.6441427527264707,
      0.6452607411596512,
      0.6471580883036111,
      0.6486294431803334,
      0.6504715922364571,
      0.6538404101750679,
      0.6565593344086542,
      0.6565618393919078,
      0.6652938505671857,
      0.6704842600811981,
      0.670697277903022,
      0.6725355135870549,
      0.6766967920690318,
      0.6767614166811864,
      0.6809637828977214,
      0.6847384765022392,
      0.6865099760323905,
      0.6908625161090928,
      0.6985408058878962,
      0.6995405910168827,
      0.7074089109618961,
      0.7093749705909503,
      0.710677131425292,
      0.7170029156136997,
      0.7170862858148997,
      0.7180017929609793,
      0.7183682033255095,
      0.7188890174315549,
      0.7216201079744647,
      0.7224725256157425,
      0.7225683263218092,
      0.7278693157354106,
      0.7343223724802518,
      0.7511410624547805
    ]
  }
}