{
  "task": "classification",
  "format": "onnx",
  "preset_name": "heuristic",
  "best_iteration": 81,
  "params": {
    "tree_method": "hist",
    "device": "cpu",
    "learning_rate": 0.1,
    "n_estimators": 2000,
    "early_stopping_rounds": 50,
    "max_depth": 3,
    "min_child_weight": 1,
    "subsample": 1.0,
    "colsample_bytree": 0.8,
    "reg_alpha": 0.3,
    "reg_lambda": 2.125,
    "gamma": 0.05,
    "max_bin": 256,
    "nthread": 64,
    "objective": "binary:logistic",
    "scale_pos_weight": 1.6,
    "eval_metric": "auc"
  },
  "profile": {
    "n_samples": 143,
    "n_features": 134,
    "n_p_ratio": 1.0671641791044777,
    "sparsity": 0.0,
    "is_sparse_counts": false,
    "binary_feature_fraction": 0.0,
    "feature_signal_strength": 0.1450922944443927,
    "feature_signal_p90": 0.2832481944343406,
    "task": "classification",
    "imbalance_ratio": 1.6,
    "y_skewness": 0.0,
    "y_all_positive": false
  },
  "portfolio_scores": {},
  "decision_cutoff_raw": 0.2650447189807892,
  "decision_cutoff_raw_source": "oof_balanced_accuracy",
  "decision_cutoff_proba": 0.30674852343810305,
  "decision_cutoff_rank": 0.5140845070422535,
  "decision_cutoff_logit": -0.815364544394481,
  "calibrator": {
    "method": "platt",
    "coef": 2.448637261566696,
    "intercept": -1.4643629192723153
  },
  "ranker": {
    "knots": [
      0.00810459814965725,
      0.009524348191916943,
      0.011219468899071217,
      0.011247683316469193,
      0.011500248685479164,
      0.012482349760830402,
      0.015044939704239368,
      0.018240898847579956,
      0.019030017778277397,
      0.019156841561198235,
      0.019156841561198235,
      0.020772477611899376,
      0.021659934893250465,
      0.022151533514261246,
      0.02302146516740322,
      0.023314189165830612,
      0.023567786440253258,
      0.02561330236494541,
      0.025791110470891,
      0.025848478078842163,
      0.027746712788939476,
      0.029854098334908485,
      0.03342306241393089,
      0.03355764225125313,
      0.0341854989528656,
      0.03614901378750801,
      0.04005199670791626,
      0.043941713869571686,
      0.04401188716292381,
      0.04417875036597252,
      0.04540320858359337,
      0.04570481926202774,
      0.04731827229261398,
      0.04743940383195877,
      0.04765712097287178,
      0.049890704452991486,
      0.05076160654425621,
      0.05178723856806755,
      0.058526381850242615,
      0.06159310042858124,
      0.06205054372549057,
      0.06452371925115585,
      0.06682359427213669,
      0.06686236709356308,
      0.0871380865573883,
      0.09014306217432022,
      0.09031328558921814,
      0.09347876906394958,
      0.10531099885702133,
      0.11227772384881973,
      0.11568950116634369,
      0.11655604839324951,
      0.11794523894786835,
      0.12194982171058655,
      0.12503238022327423,
      0.12647603452205658,
      0.1272299587726593,
      0.13379788398742676,
      0.13723579049110413,
      0.1404440551996231,
      0.14748454093933105,
      0.14918860793113708,
      0.15853893756866455,
      0.15879641473293304,
      0.17267577350139618,
      0.19074910879135132,
      0.1961989551782608,
      0.20504553616046906,
      0.20680749416351318,
      0.2225501537322998,
      0.22730910778045654,
      0.24753637611865997,
      0.26089897751808167,
      0.2650447189807892,
      0.26851406693458557,
      0.2699030339717865,
      0.2758323848247528,
      0.29595255851745605,
      0.3036038875579834,
      0.3072606921195984,
      0.3137761056423187,
      0.32103145122528076,
      0.32414963841438293,
      0.32421132922172546,
      0.345869779586792,
      0.3583023250102997,
      0.36952611804008484,
      0.3882416784763336,
      0.4580848813056946,
      0.47162771224975586,
      0.49013569951057434,
      0.4938587546348572,
      0.49407127499580383,
      0.5168197751045227,
      0.5197705030441284,
      0.5237563848495483,
      0.5557783842086792,
      0.5634125471115112,
      0.5848275423049927,
      0.6063154339790344,
      0.6258092522621155,
      0.6346710324287415,
      0.6979395747184753,
      0.6981691122055054,
      0.7037901878356934,
      0.7308773994445801,
      0.7360331416130066,
      0.7474976181983948,
      0.797120213508606,
      0.8207321166992188,
      0.828147292137146,
      0.8362735509872437,
      0.8408597111701965,
      0.8451007604598999,
      0.8459727168083191,
      0.8544594645500183,
      0.8605251312255859,
      0.8768454194068909,
      0.8788765668869019,
      0.8807935118675232,
      0.887191891670227,
      0.8883121609687805,
      0.8970441818237305,
      0.8975715637207031,
      0.9067598581314087,
      0.9261699318885803,
      0.941692590713501,
      0.9486337304115295,
      0.9511027336120605,
      0.9540572762489319,
      0.9554457068443298,
      0.9560077786445618,
      0.9585937857627869,
      0.9604732394218445,
      0.9613825678825378,
      0.963702917098999,
      0.9694538712501526,
      0.9773979783058167,
      0.9820479154586792,
      0.9847373366355896,
      0.9857433438301086,
      0.9873273968696594,
      0.9900093674659729
    ]
  }
}