{
  "mode": "slow",
  "descriptor_types": [
    "chemeleon",
    "clamp"
  ],
  "n_compounds": 960,
  "n_actives": 96,
  "ratio_actives": 0.1,
  "population_prior": 0.1,
  "portfolio": [
    "lr",
    "xgb",
    "rf",
    "svc"
  ],
  "num_batches": {
    "chemeleon": 1,
    "clamp": 1
  },
  "decision_cutoff_raw": 0.15308584889545823,
  "decision_cutoff_proba": 0.04844131907067948,
  "decision_cutoff_rank": 0.8613138686131387,
  "oof_aucs": {
    "chemeleon": 0.9792390046296297,
    "clamp": 0.9849898726851852
  },
  "proxy_aucs": {
    "chemeleon": 0.9778284143518519,
    "clamp": 0.9853636188271604
  },
  "train_aucs": {
    "chemeleon": 1.0,
    "clamp": 1.0
  },
  "quality_aucs": {
    "chemeleon": 0.9584780092592593,
    "clamp": 0.9699797453703705
  },
  "active_descriptors": {
    "chemeleon": true,
    "clamp": true
  },
  "ad_hard_cutoffs": {
    "chemeleon": 0.05000000074505806,
    "clamp": 0.05000000074505806
  },
  "rank_error_curves": {
    "chemeleon": [
      [
        0.26691336022884127,
        0.3233467803000013,
        0.35126338297190823,
        0.377643186115404,
        0.3987658693494769,
        0.41531288006204303,
        0.4343172194551069,
        0.4509757750409937,
        0.46607390998357684,
        0.4833589608169267,
        0.5023353893635374,
        0.5215780161932,
        0.5426456032262834,
        0.565115871026162,
        0.5946384515226187,
        0.6254257305093265,
        0.6887208457542837,
        0.8931621517437578,
        0.9797777213963701,
        0.9979212124853792
      ],
      [
        0.019592573962726453,
        0.019665426562009713,
        0.019754255957394624,
        0.022441569244368745,
        0.019967556439639957,
        0.022696876236001168,
        0.02051282605117548,
        0.0240478900994106,
        0.027709534411188896,
        0.030387169374875025,
        0.028904953154004525,
        0.0258412990047775,
        0.02669808762735872,
        0.03222404479309395,
        0.028357348121129767,
        0.034709285866727634,
        0.046374111313510775,
        0.20505076048540447,
        0.23564052921581188,
        0.20318407623853116
      ]
    ],
    "clamp": [
      [
        0.06732781317094123,
        0.12010720318887365,
        0.15891833374243275,
        0.19656811280260544,
        0.22678967374360648,
        0.2532323326730353,
        0.28097169436929015,
        0.31061508785767067,
        0.34506801318732183,
        0.37547305244071527,
        0.4219617586256277,
        0.46275662539319407,
        0.49707174612956617,
        0.537420815021922,
        0.5776567797125632,
        0.62332352392251,
        0.7061205274380603,
        0.8899288975751315,
        0.9664838103595756,
        0.9985771092810677
      ],
      [
        0.01721036913338778,
        0.017804872449385434,
        0.018202669592719385,
        0.018765770578043142,
        0.01884726124393981,
        0.0191631087181747,
        0.019290258638617486,
        0.019719767784566498,
        0.020247304324943583,
        0.020095503076095603,
        0.020703536573659625,
        0.021134224448950793,
        0.021280472339795926,
        0.02182817372970691,
        0.022045740529020762,
        0.02266118510257378,
        0.024958565122608113,
        0.19369334910425431,
        0.16193536108871695,
        0.139934027750447
      ]
    ]
  },
  "decision_cutoff_logit": -2.9777482075213775,
  "decision_cutoff_lift": 0.4844131907067948
}