{
    "portfolio": [
        "xgb",
        "rf"
    ],
    "max_batch_size": 100000,
    "max_imbalance_ratio": 100,
    "num_batches": 1,
    "population_prior": 0.1,
    "batch_priors": [
        0.1
    ],
    "decision_cutoff_raw": 0.08323685691414444,
    "decision_cutoff_proba": 0.11469622331691297,
    "decision_cutoff_rank": 0.8637044916689831,
    "decision_cutoff_logit": -2.0436437396251104,
    "decision_cutoff_lift": 1.1469622331691296
}