{
  "n_components": 45,
  "n_features_in": 2048,
  "n_cal_knots": 200,
  "cal_min": 2.8358142375946045,
  "cal_max": 43.69134521484375,
  "scaler": "standard"
}