{
  "mode": "slow",
  "descriptor_types": [
    "chemeleon",
    "clamp",
    "morgan"
  ],
  "n_compounds": 1040,
  "n_actives": 104,
  "ratio_actives": 0.1,
  "population_prior": 0.1,
  "portfolio": [
    "lr",
    "xgb",
    "rf",
    "svc"
  ],
  "num_batches": {
    "chemeleon": 1,
    "clamp": 1,
    "morgan": 1
  },
  "decision_cutoff_raw": 0.20387448470565905,
  "decision_cutoff_proba": 0.06017567310906188,
  "decision_cutoff_rank": 0.8570247680670176,
  "oof_aucs": {
    "chemeleon": 0.9946067554240632,
    "clamp": 0.9950690335305721,
    "morgan": 0.9931993754109139
  },
  "proxy_aucs": {
    "chemeleon": 0.9904667981591059,
    "clamp": 0.9926035502958581,
    "morgan": 0.9904513888888888
  },
  "train_aucs": {
    "chemeleon": 1.0,
    "clamp": 1.0,
    "morgan": 1.0
  },
  "quality_aucs": {
    "chemeleon": 0.9892135108481264,
    "clamp": 0.9901380670611442,
    "morgan": 0.9863987508218277
  },
  "active_descriptors": {
    "chemeleon": true,
    "clamp": true,
    "morgan": true
  },
  "ad_hard_cutoffs": {
    "chemeleon": 0.05000000074505806,
    "clamp": 0.05000000074505806,
    "morgan": 0.05000000074505806
  },
  "rank_error_curves": {
    "chemeleon": [
      [
        0.3240417296534742,
        0.3563430489769903,
        0.38017363916737446,
        0.3998259149349779,
        0.40591624395119547,
        0.4133301935454409,
        0.4224912082031995,
        0.429111293464781,
        0.4401241796703726,
        0.4488350026519784,
        0.4622982760326884,
        0.4766899847812807,
        0.49697113410587757,
        0.5253089946717574,
        0.5560604767025936,
        0.5959235858208514,
        0.6377670058178391,
        0.7258756658447763,
        0.9395538131293424,
        0.9669423768957828
      ],
      [
        0.011438812994436469,
        0.012289331016495616,
        0.012763802550135935,
        0.013788921075956263,
        0.014431080377233224,
        0.014252933470662133,
        0.014385430114700101,
        0.01420453463860171,
        0.014208336589321396,
        0.014518808877263392,
        0.014409805177451043,
        0.014169061986333446,
        0.013683238891890229,
        0.013934338511442896,
        0.014614916971696293,
        0.01441778211413742,
        0.028302581326009747,
        0.23047596386531136,
        0.320160534295216,
        0.2709478977637342
      ]
    ],
    "clamp": [
      [
        0.19643668995904068,
        0.23207497804694865,
        0.2608431893387563,
        0.2870863395039115,
        0.3153618161876937,
        0.3333123408366016,
        0.3563373782366074,
        0.37920903269800965,
        0.4009108639215468,
        0.43033784319469903,
        0.4647987876003166,
        0.5018540156564482,
        0.5340647503043603,
        0.5809391779826925,
        0.6341380154162306,
        0.6825429846009465,
        0.7641460657129115,
        0.8916692224033322,
        0.9640708842944576,
        0.9952401128221637
      ],
      [
        0.012808134375936904,
        0.012996484092347521,
        0.01313076410418239,
        0.01323309897143441,
        0.013359221839670974,
        0.013587400864934327,
        0.013466021914807088,
        0.013657209106193955,
        0.013693065079467057,
        0.01384082542298111,
        0.013850166424765395,
        0.013948351617058888,
        0.014229290682355334,
        0.014457032632727216,
        0.014297168196857295,
        0.014648931432511204,
        0.02973332005860868,
        0.2686647904391968,
        0.20109629248609856,
        0.18488296741481083
      ]
    ],
    "morgan": [
      [
        0.20204354044805747,
        0.25097172155884734,
        0.28726754092910006,
        0.31676679390677437,
        0.3366668170870355,
        0.36351425246751884,
        0.380249835687456,
        0.39858637397980756,
        0.41995732240708566,
        0.4391196453904054,
        0.4595042769290297,
        0.4875902037949882,
        0.5249358161394573,
        0.5655614493133791,
        0.5968271147620791,
        0.6420713436329704,
        0.719182433382881,
        0.880766147518147,
        0.9634816912534951,
        0.998972382019741
      ],
      [
        0.011149486412571182,
        0.011575223385692609,
        0.011773475582424982,
        0.012351104682481948,
        0.012579287395274074,
        0.012629298997430313,
        0.01329435993592128,
        0.013308394511880818,
        0.013592958863205426,
        0.014192419579592006,
        0.015205135656810202,
        0.015044765360859918,
        0.015827332746061053,
        0.01626682457594844,
        0.01710815211310563,
        0.017618084085633527,
        0.019757336757926115,
        0.1639272898808706,
        0.19271844017926473,
        0.16406714732584618
      ]
    ]
  },
  "decision_cutoff_logit": -2.7484248020468782,
  "decision_cutoff_lift": 0.6017567310906188
}