{
  "n_components": 45,
  "n_features_in": 2048,
  "n_cal_knots": 200,
  "cal_min": 2.9866371154785156,
  "cal_max": 27.798233032226562,
  "scaler": "standard"
}