{
    "portfolio": [
        "lr",
        "xgb",
        "rf",
        "svc"
    ],
    "max_batch_size": 100000,
    "max_imbalance_ratio": 100,
    "num_batches": 1,
    "population_prior": 0.1,
    "batch_priors": [
        0.1
    ],
    "decision_cutoff_raw": 0.13216233575652142,
    "decision_cutoff_proba": 0.03124013184220132,
    "decision_cutoff_rank": 0.8937170805116629,
    "decision_cutoff_logit": -3.434313221837626,
    "decision_cutoff_lift": 0.3124013184220132
}