{
  "n_components": 45,
  "n_features_in": 2048,
  "n_cal_knots": 200,
  "cal_min": 2.839053153991699,
  "cal_max": 29.557477951049805,
  "scaler": "standard"
}