{
  "n_components": 45,
  "n_features_in": 2048,
  "n_cal_knots": 200,
  "cal_min": 3.385881185531616,
  "cal_max": 29.556053161621094,
  "scaler": "standard"
}