{
  "n_components": 14,
  "n_features_in": 217,
  "n_cal_knots": 200,
  "cal_min": 1.4715360403060913,
  "cal_max": 12.025943756103516,
  "scaler": "standard"
}