{
  "mode": "slow",
  "descriptor_types": [
    "chemeleon",
    "clamp",
    "rdkit"
  ],
  "n_compounds": 1940,
  "n_actives": 194,
  "ratio_actives": 0.1,
  "population_prior": 0.1,
  "portfolio": [
    "lr",
    "xgb",
    "rf",
    "svc"
  ],
  "num_batches": {
    "chemeleon": 1,
    "clamp": 1,
    "rdkit": 1
  },
  "decision_cutoff_raw": 0.2620722693014191,
  "decision_cutoff_proba": 0.07716052677782213,
  "decision_cutoff_rank": 0.8784381983840469,
  "oof_aucs": {
    "chemeleon": 0.9927492589837154,
    "clamp": 0.9977297150482399,
    "rdkit": 0.9962845856803769
  },
  "proxy_aucs": {
    "chemeleon": 0.9950963025944427,
    "clamp": 0.9968145156528619,
    "rdkit": 0.9947390796046338
  },
  "train_aucs": {
    "chemeleon": 1.0,
    "clamp": 1.0,
    "rdkit": 0.9999808103352582
  },
  "quality_aucs": {
    "chemeleon": 0.9854985179674307,
    "clamp": 0.9954594300964799,
    "rdkit": 0.9925883610254956
  },
  "active_descriptors": {
    "chemeleon": true,
    "clamp": true,
    "rdkit": true
  },
  "ad_hard_cutoffs": {
    "chemeleon": 0.05000000074505806,
    "clamp": 0.05000000074505806,
    "rdkit": 0.05000000074505806
  },
  "rank_error_curves": {
    "chemeleon": [
      [
        0.3600111814396421,
        0.4259740735537302,
        0.45111403535108757,
        0.47159117641839376,
        0.49288615255687096,
        0.5094638973389687,
        0.5230705861472041,
        0.5381522657696886,
        0.5506137185315124,
        0.5609407023674993,
        0.5711630080235809,
        0.5842367238251756,
        0.6024636387596721,
        0.6220179678291579,
        0.6429388133557111,
        0.6745684016792163,
        0.7308060852880836,
        0.9037125491806841,
        0.9744485637009073,
        0.9945479886506793
      ],
      [
        0.008107098125677845,
        0.008112664726545378,
        0.008124715594013931,
        0.008139814139076105,
        0.008185210384796915,
        0.008253316334760303,
        0.008332337022584131,
        0.009962784787272807,
        0.00919461307583125,
        0.009499924641714369,
        0.014060061167599548,
        0.009377158826689661,
        0.012461063425345925,
        0.013399377766555287,
        0.01842286191484255,
        0.013904503795224994,
        0.02125946613438762,
        0.1757001918710574,
        0.15838283002107667,
        0.14420136876741388
      ]
    ],
    "clamp": [
      [
        0.20026601519995416,
        0.23883776397546697,
        0.26598590252984095,
        0.29441440501840477,
        0.325539328613244,
        0.3487615933873046,
        0.37148422209811954,
        0.39727615973975366,
        0.41799774799454364,
        0.44226621647777575,
        0.4654475769574121,
        0.48778061520165694,
        0.5194407511981979,
        0.5565246583583557,
        0.5993821027347545,
        0.6459917944219057,
        0.7262073628821064,
        0.8695316749844115,
        0.9663734481647985,
        0.9996555423007665
      ],
      [
        0.006960376095281484,
        0.007006435338101031,
        0.0070854810642612545,
        0.0071631482848286835,
        0.007251344438712252,
        0.00737143058491703,
        0.007534581715372926,
        0.0076696860396666,
        0.00786813130873015,
        0.008400623047462391,
        0.009049400503647413,
        0.009478689979174329,
        0.009817700884192397,
        0.009751085397610607,
        0.01008872513206417,
        0.011083656908843869,
        0.012657454088919967,
        0.08210445811498908,
        0.08764868039089695,
        0.05640371841083728
      ]
    ],
    "rdkit": [
      [
        0.2398530418561276,
        0.31016907328922444,
        0.3479176100516588,
        0.3760025260432342,
        0.40166420301762296,
        0.42270941442985305,
        0.44240303438884104,
        0.4626385529726006,
        0.48271387056212345,
        0.5013341512302147,
        0.5243095544052465,
        0.5472453979476354,
        0.5669829967857227,
        0.6004703997924198,
        0.6343695569439505,
        0.6804157908033839,
        0.75719301144176,
        0.8924054770533361,
        0.9639055471837572,
        0.9957577353659544
      ],
      [
        0.0064335275589611435,
        0.007240392984235861,
        0.007776935654789082,
        0.008254188435622561,
        0.00867926093212185,
        0.008797748231904899,
        0.009387000406925776,
        0.010192409230233354,
        0.010843659800362976,
        0.01118730093364902,
        0.010882936377307766,
        0.012010023851840705,
        0.013095740315376966,
        0.0157083648054723,
        0.017239681185789585,
        0.018581226149957303,
        0.03619070120529541,
        0.19682985290127708,
        0.13370748083451572,
        0.11767393002036629
      ]
    ]
  },
  "decision_cutoff_logit": -2.4815672857762676,
  "decision_cutoff_lift": 0.7716052677782212
}