{
    "portfolio": [
        "lr",
        "xgb",
        "rf",
        "svc"
    ],
    "max_batch_size": 100000,
    "max_imbalance_ratio": 100,
    "num_batches": 1,
    "population_prior": 0.1,
    "batch_priors": [
        0.1
    ],
    "decision_cutoff_raw": 0.4388361300089144,
    "decision_cutoff_proba": 0.27072784693741364,
    "decision_cutoff_rank": 0.8907987866531851,
    "decision_cutoff_logit": -0.9909329247231987,
    "decision_cutoff_lift": 2.707278469374136
}