{
  "n_components": 45,
  "n_features_in": 2048,
  "n_cal_knots": 200,
  "cal_min": 2.6421377658843994,
  "cal_max": 35.77975082397461,
  "scaler": "standard"
}