{
  "n_components": 45,
  "n_features_in": 2048,
  "n_cal_knots": 200,
  "cal_min": 2.8217122554779053,
  "cal_max": 33.49956512451172,
  "scaler": "standard"
}