{
  "n_components": 27,
  "n_features_in": 768,
  "n_cal_knots": 200,
  "cal_min": 3.059915065765381,
  "cal_max": 11.769606590270996,
  "scaler": "standard"
}