{
  "n_components": 27,
  "n_features_in": 768,
  "n_cal_knots": 200,
  "cal_min": 2.8387632369995117,
  "cal_max": 12.233305931091309,
  "scaler": "standard"
}