{
    "portfolio": [
        "lr",
        "xgb",
        "rf",
        "svc"
    ],
    "max_batch_size": 100000,
    "max_imbalance_ratio": 100,
    "num_batches": 1,
    "population_prior": 0.1,
    "batch_priors": [
        0.1
    ],
    "decision_cutoff_raw": 0.1404540160830844,
    "decision_cutoff_proba": 0.04546287441062023,
    "decision_cutoff_rank": 0.8619102416570771,
    "decision_cutoff_logit": -3.044330491864534,
    "decision_cutoff_lift": 0.4546287441062023
}