{
  "n_components": 45,
  "n_features_in": 2048,
  "n_cal_knots": 200,
  "cal_min": 1.610309362411499,
  "cal_max": 51.445556640625,
  "scaler": "standard"
}