{
  "mode": "slow",
  "descriptor_types": [
    "chemeleon",
    "morgan"
  ],
  "n_compounds": 2740,
  "n_actives": 274,
  "ratio_actives": 0.1,
  "population_prior": 0.1,
  "portfolio": [
    "lr",
    "xgb",
    "rf",
    "svc"
  ],
  "num_batches": {
    "chemeleon": 1,
    "morgan": 1
  },
  "decision_cutoff_raw": 0.3747060369976174,
  "decision_cutoff_proba": 0.189766220235204,
  "decision_cutoff_rank": 0.889193136181088,
  "oof_aucs": {
    "chemeleon": 0.9929937663167988,
    "morgan": 0.9969808371960858
  },
  "proxy_aucs": {
    "chemeleon": 0.9988633740032322,
    "morgan": 0.9995019861355308
  },
  "train_aucs": {
    "chemeleon": 1.0,
    "morgan": 1.0
  },
  "quality_aucs": {
    "chemeleon": 0.9859875326335976,
    "morgan": 0.9939616743921715
  },
  "active_descriptors": {
    "chemeleon": true,
    "morgan": true
  },
  "ad_hard_cutoffs": {
    "chemeleon": 0.0547499842941761,
    "morgan": 0.05000000074505806
  },
  "rank_error_curves": {
    "chemeleon": [
      [
        0.22307849333482782,
        0.3070552864056145,
        0.3308005599134435,
        0.353588396680969,
        0.37093201885267146,
        0.38986275532271925,
        0.40596356197637196,
        0.4219877530687748,
        0.4362968393233889,
        0.4521147124494419,
        0.4707380085196049,
        0.49000829129264506,
        0.5093750067074587,
        0.5304896886948327,
        0.5586690829940948,
        0.588312061138616,
        0.6382034596928495,
        0.8366437841907471,
        0.9816424938424959,
        1.0
      ],
      [
        0.004649286999969262,
        0.00472284297915364,
        0.004761733947906576,
        0.004838225220152543,
        0.0049237920092803575,
        0.00503223224383693,
        0.005218061961415637,
        0.0052693690641713725,
        0.005562601803046365,
        0.005646979983244417,
        0.005942383651762072,
        0.005798165614205893,
        0.0060565127936590725,
        0.00590195228496237,
        0.006074903712749296,
        0.0061323724146993145,
        0.006645187892327507,
        0.10321138189788555,
        0.09675696226884503,
        0.09230216523004185
      ]
    ],
    "morgan": [
      [
        0.2212676201848046,
        0.3109107581991286,
        0.3488155201741544,
        0.3760655379249974,
        0.3948761073395993,
        0.4159466093585268,
        0.43756420017641406,
        0.45940518914203465,
        0.48054982761734794,
        0.4992426083555385,
        0.520958621923754,
        0.5426039348550945,
        0.5627517042170239,
        0.5880885527267155,
        0.6232043414467916,
        0.6607874597668767,
        0.7212842305266953,
        0.8890494249785555,
        0.9772548977781096,
        0.9997405270248723
      ],
      [
        0.004893598949429154,
        0.005059998365501714,
        0.005147085353127796,
        0.0052402602579804565,
        0.005348045044032331,
        0.005495960207587566,
        0.005500013141160452,
        0.00561787356195985,
        0.00565179780042781,
        0.0058105004858022506,
        0.006032196084045186,
        0.006095553329062767,
        0.006411195535906926,
        0.006451908115185696,
        0.0066756912443967685,
        0.008898255768704334,
        0.009555076605917803,
        0.08722064669758081,
        0.0674395167706283,
        0.05784249255075856
      ]
    ]
  },
  "decision_cutoff_logit": -1.4515299282603753,
  "decision_cutoff_lift": 1.89766220235204
}