{
  "n_components": 27,
  "n_features_in": 768,
  "n_cal_knots": 200,
  "cal_min": 2.8024790287017822,
  "cal_max": 10.3375883102417,
  "scaler": "standard"
}