{
    "portfolio": [
        "xgb",
        "rf",
        "svc"
    ],
    "max_batch_size": 100000,
    "max_imbalance_ratio": 100,
    "num_batches": 1,
    "population_prior": 0.1,
    "batch_priors": [
        0.1
    ],
    "decision_cutoff_raw": 0.17181547862760713,
    "decision_cutoff_proba": 0.04889322848270083,
    "decision_cutoff_rank": 0.875365308578305,
    "decision_cutoff_logit": -2.967987419076474,
    "decision_cutoff_lift": 0.48893228482700823
}