{
    "portfolio": [
        "lr",
        "xgb",
        "rf",
        "svc"
    ],
    "max_batch_size": 100000,
    "max_imbalance_ratio": 100,
    "num_batches": 1,
    "population_prior": 0.1,
    "batch_priors": [
        0.1
    ],
    "decision_cutoff_raw": 0.32656690525768206,
    "decision_cutoff_proba": 0.17070267842666387,
    "decision_cutoff_rank": 0.8846572361262242,
    "decision_cutoff_logit": -1.580655421189074,
    "decision_cutoff_lift": 1.7070267842666387
}