{
    "portfolio": [
        "lr",
        "xgb",
        "rf",
        "svc"
    ],
    "max_batch_size": 100000,
    "max_imbalance_ratio": 100,
    "num_batches": 1,
    "population_prior": 0.1,
    "batch_priors": [
        0.1
    ],
    "decision_cutoff_raw": 0.33634824877131814,
    "decision_cutoff_proba": 0.08718658288978587,
    "decision_cutoff_rank": 0.8766761217122229,
    "decision_cutoff_logit": -2.348481044156234,
    "decision_cutoff_lift": 0.8718658288978587
}