{
  "mode": "slow",
  "descriptor_types": [
    "chemeleon",
    "morgan"
  ],
  "n_compounds": 900,
  "n_actives": 90,
  "ratio_actives": 0.1,
  "population_prior": 0.1,
  "portfolio": [
    "lr",
    "xgb",
    "rf",
    "svc"
  ],
  "num_batches": {
    "chemeleon": 1,
    "morgan": 1
  },
  "decision_cutoff_raw": 0.3952159536338258,
  "decision_cutoff_proba": 0.14104680179589424,
  "decision_cutoff_rank": 0.8991935483870968,
  "oof_aucs": {
    "chemeleon": 0.9985733882030178,
    "morgan": 0.9984362139917695
  },
  "proxy_aucs": {
    "chemeleon": 0.9986556927297668,
    "morgan": 0.9991632373113855
  },
  "train_aucs": {
    "chemeleon": 1.0,
    "morgan": 1.0
  },
  "quality_aucs": {
    "chemeleon": 0.9971467764060356,
    "morgan": 0.996872427983539
  },
  "active_descriptors": {
    "chemeleon": true,
    "morgan": true
  },
  "ad_hard_cutoffs": {
    "chemeleon": 0.05000000074505806,
    "morgan": 0.05000000074505806
  },
  "rank_error_curves": {
    "chemeleon": [
      [
        0.21220944144740805,
        0.2938733909407784,
        0.31948758877629857,
        0.3441152014440767,
        0.3664452649773276,
        0.38419138807183506,
        0.3968714469399627,
        0.4096760300272398,
        0.4205262673473441,
        0.4348148776125474,
        0.44600780523688466,
        0.45946062962149703,
        0.4709928134246731,
        0.4791522595466096,
        0.4987829084582078,
        0.5181970781052134,
        0.5549544553513531,
        0.6781429961931407,
        0.9758183153319784,
        0.9988775203640913
      ],
      [
        0.00876833064146974,
        0.009358492708252408,
        0.009484468326475618,
        0.009467531181642298,
        0.009309611416900593,
        0.00939081372836213,
        0.009514559931981028,
        0.011345417098043962,
        0.009586318242902896,
        0.00995220627696712,
        0.00974184474341332,
        0.009720709288949832,
        0.009898865980937298,
        0.013376572967918702,
        0.009792033649083449,
        0.017115673348033468,
        0.010092188563088784,
        0.15510852625381885,
        0.24308833005760325,
        0.21734485103493895
      ]
    ],
    "morgan": [
      [
        0.20278923304123192,
        0.2792864278092768,
        0.309486591809363,
        0.3282954965269011,
        0.34659204995165693,
        0.3640753386785922,
        0.3841807487333347,
        0.40115539385866383,
        0.421057680151384,
        0.4374141798385715,
        0.4515676551276383,
        0.4717225592850426,
        0.4924447278606776,
        0.5150829962284661,
        0.5516781651017616,
        0.5936867026759681,
        0.6524180055336188,
        0.8884607161571888,
        0.9567522773441284,
        0.9878680810610738
      ],
      [
        0.011062453635052568,
        0.011756122205992262,
        0.012386349919269433,
        0.012728102042470053,
        0.013176357228283567,
        0.013339963733282511,
        0.013562780174852964,
        0.013812911053865682,
        0.013891354163900813,
        0.014520489964380103,
        0.014453846516362431,
        0.013675224265381812,
        0.013735189058625169,
        0.014277193600362245,
        0.01451587025708775,
        0.014271737395843677,
        0.015186099998545208,
        0.12557769724302967,
        0.1367801868084108,
        0.11509575655576917
      ]
    ]
  },
  "decision_cutoff_logit": -1.806622673520668,
  "decision_cutoff_lift": 1.4104680179589424
}