{
  "n_components": 45,
  "n_features_in": 2048,
  "n_cal_knots": 200,
  "cal_min": 1.7610076665878296,
  "cal_max": 31.366518020629883,
  "scaler": "standard"
}