{
  "n_components": 45,
  "n_features_in": 2048,
  "n_cal_knots": 200,
  "cal_min": 1.7569268941879272,
  "cal_max": 29.40488052368164,
  "scaler": "standard"
}