{
  "mode": "slow",
  "descriptor_types": [
    "chemeleon",
    "clamp"
  ],
  "n_compounds": 750,
  "n_actives": 75,
  "ratio_actives": 0.1,
  "population_prior": 0.1,
  "portfolio": [
    "lr",
    "xgb",
    "rf",
    "svc"
  ],
  "num_batches": {
    "chemeleon": 1,
    "clamp": 1
  },
  "decision_cutoff_raw": 0.37464903641577807,
  "decision_cutoff_proba": 0.14013494541316995,
  "decision_cutoff_rank": 0.8785046728971962,
  "oof_aucs": {
    "chemeleon": 0.9622913580246913,
    "clamp": 0.9857777777777778
  },
  "proxy_aucs": {
    "chemeleon": 0.9718716049382716,
    "clamp": 0.981925925925926
  },
  "train_aucs": {
    "chemeleon": 1.0,
    "clamp": 1.0
  },
  "quality_aucs": {
    "chemeleon": 0.9245827160493827,
    "clamp": 0.9715555555555555
  },
  "active_descriptors": {
    "chemeleon": true,
    "clamp": true
  },
  "ad_hard_cutoffs": {
    "chemeleon": 0.052250005304813385,
    "clamp": 0.052250005304813385
  },
  "rank_error_curves": {
    "chemeleon": [
      [
        0.08330424857122301,
        0.18970314332999647,
        0.2159299662242178,
        0.24243499324820586,
        0.2591857813152489,
        0.27584453288329164,
        0.29438000221554556,
        0.3098937647694919,
        0.3260708563854003,
        0.34250170668641267,
        0.3578210866772437,
        0.3763306486005229,
        0.39810403124934324,
        0.4290746373547871,
        0.4554807148962888,
        0.4910891264183749,
        0.5607261976352365,
        0.6918298692722061,
        0.9708967898159833,
        1.0000000000000002
      ],
      [
        0.020092393077102682,
        0.020656015423842468,
        0.02138970814225673,
        0.021735887782865074,
        0.021852626519837104,
        0.022182970588510754,
        0.022427552203743043,
        0.022218333136771632,
        0.022611815575517384,
        0.02493367114333158,
        0.022529520544637888,
        0.025233391020848442,
        0.0229270892579519,
        0.02346591062978081,
        0.023503654221861486,
        0.02428078356914181,
        0.036266647616991186,
        0.18184379083774102,
        0.2761435034537895,
        0.22675965680486557
      ]
    ],
    "clamp": [
      [
        0.03836837527147431,
        0.08637802509043535,
        0.11117472978467302,
        0.15516154479228,
        0.19852205792931962,
        0.2284607022306241,
        0.2594243372576859,
        0.29457086716448044,
        0.3310137992226677,
        0.3671856544536584,
        0.4032940946649044,
        0.44017459855645613,
        0.47631998818222127,
        0.5038257797716499,
        0.5546346605031418,
        0.6040247558738906,
        0.6851062496100226,
        0.897413043338729,
        0.9617097337034359,
        1.0
      ],
      [
        0.021560183857036737,
        0.02233573283551877,
        0.022784522935925682,
        0.023294246030154675,
        0.02357409978663777,
        0.023869998173011886,
        0.024790747732037672,
        0.02479651947146119,
        0.02511283652738686,
        0.025149662132126698,
        0.025774690775302502,
        0.026238769796515928,
        0.026333954906872986,
        0.02681398660854118,
        0.027384896691976433,
        0.02805292756676726,
        0.038508202648144786,
        0.16494168451024,
        0.182823413117083,
        0.15107325467964833
      ]
    ]
  },
  "decision_cutoff_logit": -1.8141696094958526,
  "decision_cutoff_lift": 1.4013494541316995
}