{
  "mode": "slow",
  "descriptor_types": [
    "chemeleon",
    "clamp",
    "morgan"
  ],
  "n_compounds": 990,
  "n_actives": 99,
  "ratio_actives": 0.1,
  "population_prior": 0.1,
  "portfolio": [
    "lr",
    "xgb",
    "rf",
    "svc"
  ],
  "num_batches": {
    "chemeleon": 1,
    "clamp": 1,
    "morgan": 1
  },
  "decision_cutoff_raw": 0.2824526881258054,
  "decision_cutoff_proba": 0.1323084487455166,
  "decision_cutoff_rank": 0.8875968992248063,
  "oof_aucs": {
    "chemeleon": 0.9983448400956819,
    "clamp": 0.9988096452742918,
    "morgan": 0.9987529617159246
  },
  "proxy_aucs": {
    "chemeleon": 0.9962078699452437,
    "clamp": 0.9986962781575577,
    "morgan": 0.9973131993334013
  },
  "train_aucs": {
    "chemeleon": 1.0,
    "clamp": 1.0,
    "morgan": 1.0
  },
  "quality_aucs": {
    "chemeleon": 0.9966896801913638,
    "clamp": 0.9976192905485837,
    "morgan": 0.9975059234318493
  },
  "active_descriptors": {
    "chemeleon": true,
    "clamp": true,
    "morgan": true
  },
  "ad_hard_cutoffs": {
    "chemeleon": 0.052250005304813385,
    "clamp": 0.052250005304813385,
    "morgan": 0.052250005304813385
  },
  "rank_error_curves": {
    "chemeleon": [
      [
        0.2507156160974134,
        0.3649307636791625,
        0.3840586184274599,
        0.3957408350280011,
        0.4077848526583305,
        0.41523259083097336,
        0.4232506567035969,
        0.4337669432506598,
        0.4419808230216723,
        0.4517010140863337,
        0.4614025789293771,
        0.4754556524665305,
        0.49380787522980163,
        0.5193664769604578,
        0.5397977499231151,
        0.5759407765462944,
        0.6152775812905336,
        0.7127883637649004,
        0.9653900312361829,
        0.9923942198520137
      ],
      [
        0.01031586980743948,
        0.009823279666292074,
        0.010205169847617074,
        0.01034916469643364,
        0.010578249282394812,
        0.010789183998482854,
        0.010638171210257272,
        0.010608501951764758,
        0.010671812414733034,
        0.010760951420873369,
        0.010730585839449346,
        0.010662844729672022,
        0.010640962531397414,
        0.010685172292379641,
        0.010549884459322848,
        0.01081694353323409,
        0.010733428328356776,
        0.14934469857008095,
        0.16852386170356912,
        0.12446998236013401
      ]
    ],
    "clamp": [
      [
        0.20084835174642773,
        0.2404587889156753,
        0.2663012372311088,
        0.3022081470244945,
        0.3262451613156065,
        0.348926464017464,
        0.36936680655702775,
        0.38971011224415497,
        0.41061641221518347,
        0.44367318808049805,
        0.4744974377256353,
        0.5010835978317387,
        0.5303043945951582,
        0.5564814617371949,
        0.5944201738836201,
        0.641652342449426,
        0.7252910528002265,
        0.8935551157627282,
        0.9673888133395747,
        0.9984812081231874
      ],
      [
        0.011052974125294148,
        0.0112432384755728,
        0.011435998850259208,
        0.011549278104700121,
        0.011717054967723631,
        0.011775022687788744,
        0.011762799379680534,
        0.011829770752189574,
        0.012020266757034706,
        0.012149136835716109,
        0.012326516118056631,
        0.012476916136782368,
        0.01227277494110547,
        0.012558633101878467,
        0.01253853055818189,
        0.012891564562848176,
        0.013126656571666609,
        0.14748843305845125,
        0.1402160065849197,
        0.13085488560958264
      ]
    ],
    "morgan": [
      [
        0.19436762939087995,
        0.26316328884436385,
        0.29699277433998394,
        0.32475133108389587,
        0.3494183273000011,
        0.3776407736034383,
        0.4052313152440298,
        0.4281495166417742,
        0.4475803790072904,
        0.4709085338517656,
        0.4978742342575143,
        0.518235001802456,
        0.5459254705511273,
        0.579848059217489,
        0.6061524162852958,
        0.6446522495376557,
        0.7022667307827866,
        0.8842870428437977,
        0.9680491192238581,
        0.9991030598612229
      ],
      [
        0.009398671823396997,
        0.010125866817153032,
        0.010681837424011562,
        0.010942139964010654,
        0.011053726737936675,
        0.011812824429214344,
        0.012189066129324324,
        0.012218044298790268,
        0.012694966497297443,
        0.013112926070093987,
        0.013179797823383597,
        0.013426594837518312,
        0.013662492237165882,
        0.014106266487962999,
        0.014566416127795022,
        0.014942760778198543,
        0.015318496136561123,
        0.10585616425378576,
        0.13924962193668372,
        0.11670016012334015
      ]
    ]
  },
  "decision_cutoff_logit": -1.8807003662167088,
  "decision_cutoff_lift": 1.3230844874551657
}