{
  "mode": "slow",
  "descriptor_types": [
    "chemeleon",
    "clamp",
    "morgan"
  ],
  "n_compounds": 870,
  "n_actives": 87,
  "ratio_actives": 0.1,
  "population_prior": 0.1,
  "portfolio": [
    "lr",
    "xgb",
    "rf",
    "svc"
  ],
  "num_batches": {
    "chemeleon": 1,
    "clamp": 1,
    "morgan": 1
  },
  "decision_cutoff_raw": 0.17214926808875428,
  "decision_cutoff_proba": 0.06773383936112794,
  "decision_cutoff_rank": 0.8386075949367088,
  "oof_aucs": {
    "chemeleon": 0.9886965840196122,
    "clamp": 0.9860101877541434,
    "morgan": 0.9894158923092732
  },
  "proxy_aucs": {
    "chemeleon": 0.9734149528045684,
    "clamp": 0.9760059306234494,
    "morgan": 0.9733635736410211
  },
  "train_aucs": {
    "chemeleon": 1.0,
    "clamp": 1.0,
    "morgan": 1.0
  },
  "quality_aucs": {
    "chemeleon": 0.9773931680392245,
    "clamp": 0.9720203755082868,
    "morgan": 0.9788317846185464
  },
  "active_descriptors": {
    "chemeleon": true,
    "clamp": true,
    "morgan": true
  },
  "ad_hard_cutoffs": {
    "chemeleon": 0.052250005304813385,
    "clamp": 0.052250005304813385,
    "morgan": 0.052250005304813385
  },
  "rank_error_curves": {
    "chemeleon": [
      [
        0.38657291484067846,
        0.4344818844610341,
        0.4530275217189458,
        0.474845018647479,
        0.4873494437000693,
        0.502395061467546,
        0.5194544750104775,
        0.5313608966434947,
        0.5472928523535843,
        0.5624594439619017,
        0.5739143320903481,
        0.5861347076410639,
        0.6048205861802955,
        0.6269276534585979,
        0.6570624199163989,
        0.7034673118561297,
        0.8239532962048369,
        0.881731679013723,
        0.9720552788827408,
        0.9978169249169301
      ],
      [
        0.01886764433228863,
        0.01886339552901005,
        0.01887815404769665,
        0.01889422473806935,
        0.018909609332879312,
        0.018924212823526066,
        0.022017438554399964,
        0.019167678841612686,
        0.01948177263229327,
        0.019731678948465243,
        0.021908785850491747,
        0.020996637993540627,
        0.02391956413735709,
        0.02938884228876132,
        0.030175269431179787,
        0.04060231925267074,
        0.12192962060594413,
        0.27534989006651855,
        0.3382642326682268,
        0.28238107019652614
      ]
    ],
    "clamp": [
      [
        0.15774060735576442,
        0.2106882805919746,
        0.2432429992733555,
        0.2673712477478293,
        0.29022091165059394,
        0.31647093404572574,
        0.3424641325857833,
        0.3730209153730908,
        0.3953344517845844,
        0.4265030937386982,
        0.45740582502969196,
        0.4948895118187101,
        0.532591248726369,
        0.560712998636971,
        0.6116790504577319,
        0.6718233005095228,
        0.8162274672824532,
        0.8861993243553071,
        0.9653986980374376,
        0.9981567290407853
      ],
      [
        0.01700235128885743,
        0.017378538488731467,
        0.017576291529930732,
        0.01766131572064245,
        0.017698409173377432,
        0.017914599514785648,
        0.01797022721092991,
        0.01810180499174633,
        0.01818272706115173,
        0.01850854086631758,
        0.018554644868978797,
        0.01880945330353905,
        0.019065345186216682,
        0.01903291989495922,
        0.01946959571379043,
        0.019842427139029985,
        0.07244856155517498,
        0.28402621552752105,
        0.2792667779305221,
        0.24872063071283732
      ]
    ],
    "morgan": [
      [
        0.16771135418770908,
        0.21865412772722922,
        0.24896522428774737,
        0.27827361718765486,
        0.30177311061998985,
        0.3197751006726973,
        0.33351266154375037,
        0.3539132206050286,
        0.3715506949865338,
        0.389216994513907,
        0.4064473434158271,
        0.42248935985586883,
        0.44516660864778135,
        0.4704299190018635,
        0.49811945537110314,
        0.5492399738603746,
        0.7272186031735439,
        0.8725535933752605,
        0.9526376281760595,
        0.9915652263171997
      ],
      [
        0.014611129914438569,
        0.015326692133786459,
        0.016070226757010544,
        0.016358804223349288,
        0.01663410180028086,
        0.017025617883051576,
        0.01766358897510498,
        0.017484544639802365,
        0.018524882682743337,
        0.01868978164467671,
        0.018578486155318222,
        0.020341154432086443,
        0.020247978574210325,
        0.02089690998772391,
        0.020967467890074254,
        0.02283900732686045,
        0.03805915316543595,
        0.2483240964002162,
        0.282920946201285,
        0.20534218247224142
      ]
    ]
  },
  "decision_cutoff_logit": -2.6220324561088826,
  "decision_cutoff_lift": 0.6773383936112793
}