{
    "portfolio": [
        "lr",
        "xgb",
        "rf",
        "svc"
    ],
    "max_batch_size": 100000,
    "max_imbalance_ratio": 100,
    "num_batches": 1,
    "population_prior": 0.4782608695652174,
    "batch_priors": [
        0.4782608695652174
    ],
    "decision_cutoff_raw": 0.4664019929755623,
    "decision_cutoff_proba": 0.44844940118826787,
    "decision_cutoff_rank": 0.526006711409396,
    "decision_cutoff_logit": -0.20693772483269335,
    "decision_cutoff_lift": 0.9376669297572874
}