{
    "portfolio": [
        "lr",
        "xgb",
        "rf",
        "svc"
    ],
    "max_batch_size": 100000,
    "max_imbalance_ratio": 100,
    "num_batches": 1,
    "population_prior": 0.38461538461538464,
    "batch_priors": [
        0.38461538461538464
    ],
    "decision_cutoff_raw": 0.4092861141088217,
    "decision_cutoff_proba": 0.36748427107948944,
    "decision_cutoff_rank": 0.5211267605633803,
    "decision_cutoff_logit": -0.5430245701977376,
    "decision_cutoff_lift": 0.9554591048066725
}