{
    "portfolio": [
        "xgb",
        "rf",
        "svc"
    ],
    "max_batch_size": 100000,
    "max_imbalance_ratio": 100,
    "num_batches": 1,
    "population_prior": 0.1,
    "batch_priors": [
        0.1
    ],
    "decision_cutoff_raw": 0.25962083136560254,
    "decision_cutoff_proba": 0.08616808834943616,
    "decision_cutoff_rank": 0.8929269245799141,
    "decision_cutoff_logit": -2.361346746075464,
    "decision_cutoff_lift": 0.8616808834943616
}