{
  "n_components": 45,
  "n_features_in": 2048,
  "n_cal_knots": 200,
  "cal_min": 1.8899449110031128,
  "cal_max": 28.47861671447754,
  "scaler": "standard"
}