{
  "n_components": 45,
  "n_features_in": 2048,
  "n_cal_knots": 200,
  "cal_min": 1.5011506080627441,
  "cal_max": 28.692399978637695,
  "scaler": "standard"
}