{
    "portfolio": [
        "lr",
        "xgb",
        "rf",
        "svc"
    ],
    "max_batch_size": 100000,
    "max_imbalance_ratio": 100,
    "num_batches": 1,
    "population_prior": 0.1,
    "batch_priors": [
        0.1
    ],
    "decision_cutoff_raw": 0.15720734675120301,
    "decision_cutoff_proba": 0.04421202397254889,
    "decision_cutoff_rank": 0.8429228998849252,
    "decision_cutoff_logit": -3.0735393183892716,
    "decision_cutoff_lift": 0.4421202397254889
}