{
    "portfolio": [
        "lr",
        "xgb",
        "rf",
        "svc"
    ],
    "max_batch_size": 100000,
    "max_imbalance_ratio": 100,
    "num_batches": 1,
    "population_prior": 0.1,
    "batch_priors": [
        0.1
    ],
    "decision_cutoff_raw": 0.28970157230222193,
    "decision_cutoff_proba": 0.08374067617257597,
    "decision_cutoff_rank": 0.8901462666777039,
    "decision_cutoff_logit": -2.392574593997736,
    "decision_cutoff_lift": 0.8374067617257597
}