{
  "n_components": 45,
  "n_features_in": 2048,
  "n_cal_knots": 200,
  "cal_min": 3.1472723484039307,
  "cal_max": 43.8602294921875,
  "scaler": "standard"
}