{
    "portfolio": [
        "lr",
        "xgb",
        "rf",
        "svc"
    ],
    "max_batch_size": 100000,
    "max_imbalance_ratio": 100,
    "num_batches": 1,
    "population_prior": 0.1,
    "batch_priors": [
        0.1
    ],
    "decision_cutoff_raw": 0.08401676716417902,
    "decision_cutoff_proba": 0.032914091921124926,
    "decision_cutoff_rank": 0.8279631760644419,
    "decision_cutoff_logit": -3.38038643936324,
    "decision_cutoff_lift": 0.3291409192112492
}