{
  "mode": "slow",
  "descriptor_types": [
    "chemeleon",
    "clamp",
    "rdkit"
  ],
  "n_compounds": 990,
  "n_actives": 99,
  "ratio_actives": 0.1,
  "population_prior": 0.1,
  "portfolio": [
    "lr",
    "xgb",
    "rf",
    "svc"
  ],
  "num_batches": {
    "chemeleon": 1,
    "clamp": 1,
    "rdkit": 1
  },
  "decision_cutoff_raw": 0.2950108191200758,
  "decision_cutoff_proba": 0.09404711305627995,
  "decision_cutoff_rank": 0.8561678463094036,
  "oof_aucs": {
    "chemeleon": 0.9736988289176842,
    "clamp": 0.9754673559387363,
    "rdkit": 0.9728769173213618
  },
  "proxy_aucs": {
    "chemeleon": 0.9343944495459647,
    "clamp": 0.9455611105442756,
    "rdkit": 0.9407940232856059
  },
  "train_aucs": {
    "chemeleon": 1.0,
    "clamp": 1.0,
    "rdkit": 0.9999943316441633
  },
  "quality_aucs": {
    "chemeleon": 0.9473976578353684,
    "clamp": 0.9509347118774727,
    "rdkit": 0.9457595029985604
  },
  "active_descriptors": {
    "chemeleon": true,
    "clamp": true,
    "rdkit": true
  },
  "ad_hard_cutoffs": {
    "chemeleon": 0.052250005304813385,
    "clamp": 0.052250005304813385,
    "rdkit": 0.052250005304813385
  },
  "rank_error_curves": {
    "chemeleon": [
      [
        0.06955915699169245,
        0.1543314739261064,
        0.1788099418710348,
        0.20392193313935214,
        0.22649959118238577,
        0.24426631246531005,
        0.2619018335074207,
        0.2802075303938776,
        0.29770663729080726,
        0.31551643406537666,
        0.33486181168408397,
        0.35076192816509,
        0.3758478424656593,
        0.40153507290069623,
        0.43121876750163235,
        0.47068741139970083,
        0.5205991639134134,
        0.7131817628312214,
        0.9782088106283868,
        0.9994159796715769
      ],
      [
        0.02096180765738607,
        0.02189374575321724,
        0.022470338545482287,
        0.022698713743760205,
        0.02283077982347586,
        0.02300828671034865,
        0.02330759289483849,
        0.025641135626549558,
        0.02443753277392714,
        0.026848020211166772,
        0.026356073334128177,
        0.02538512784337415,
        0.02536086546792397,
        0.030708261536886813,
        0.03228725184340156,
        0.03409626021933048,
        0.03317077289951708,
        0.20123570271521762,
        0.3520261768908921,
        0.2917672323135702
      ]
    ],
    "clamp": [
      [
        0.016307786051148295,
        0.0776048515453237,
        0.11458384766967854,
        0.15142693613855301,
        0.18260739430210843,
        0.21096109266739255,
        0.25039902935623387,
        0.28643567662297753,
        0.3282203878261982,
        0.3600625477851259,
        0.39123367716541024,
        0.4235400656222772,
        0.4537890495804864,
        0.48934677228575885,
        0.5369636044601412,
        0.5878293103077195,
        0.6511005861057008,
        0.9071944083894805,
        0.9757167669853237,
        0.9976036457851135
      ],
      [
        0.0235843084073842,
        0.024373795334878486,
        0.024965560728166553,
        0.025708605322349833,
        0.025911108396251662,
        0.02639627356005475,
        0.027105501122472224,
        0.02728939469910863,
        0.028436038489565617,
        0.029107599203569003,
        0.029728358335274513,
        0.03011562855183407,
        0.031132578300154017,
        0.03267710331689314,
        0.03358521899241251,
        0.0354880013930482,
        0.042063035688992646,
        0.21974272350263271,
        0.1856763234608647,
        0.16163230684714874
      ]
    ],
    "rdkit": [
      [
        0.05730688910157231,
        0.10955954283141006,
        0.14761196479291683,
        0.1748238154336109,
        0.20651310612304408,
        0.22836314443809624,
        0.2526121101916653,
        0.28172528285242093,
        0.3096009782509307,
        0.3392533476395363,
        0.37453558445889884,
        0.41596649872652636,
        0.4464369883768198,
        0.4968874220845885,
        0.5354391700286185,
        0.6049044840470417,
        0.7121116903703336,
        0.8799849214005337,
        0.9740098182497303,
        0.9968595801582452
      ],
      [
        0.01928877207342504,
        0.02069443575447787,
        0.021648064096358038,
        0.02288523082241924,
        0.022744804639124275,
        0.024720647914801518,
        0.025327670385146467,
        0.0275877358233494,
        0.026163961078838033,
        0.028788614878894375,
        0.030447856912280094,
        0.034414281183171844,
        0.03738417794265327,
        0.04354287118154762,
        0.04401315729044505,
        0.04972202874426678,
        0.07338116623494137,
        0.22969084231769865,
        0.25647642978133844,
        0.19008714593212986
      ]
    ]
  },
  "decision_cutoff_logit": -2.2651914440887477,
  "decision_cutoff_lift": 0.9404711305627995
}