{
    "portfolio": [
        "xgb",
        "rf",
        "svc"
    ],
    "max_batch_size": 100000,
    "max_imbalance_ratio": 100,
    "num_batches": 1,
    "population_prior": 0.1,
    "batch_priors": [
        0.1
    ],
    "decision_cutoff_raw": 0.24077986802905796,
    "decision_cutoff_proba": 0.10030748935345583,
    "decision_cutoff_rank": 0.8910650859103297,
    "decision_cutoff_logit": -2.193812688403587,
    "decision_cutoff_lift": 1.0030748935345584
}