{
    "portfolio": [
        "lr",
        "xgb",
        "rf",
        "svc"
    ],
    "max_batch_size": 100000,
    "max_imbalance_ratio": 100,
    "num_batches": 1,
    "population_prior": 0.1,
    "batch_priors": [
        0.1
    ],
    "decision_cutoff_raw": 0.4620993187129261,
    "decision_cutoff_proba": 0.17024628204950953,
    "decision_cutoff_rank": 0.87283044058745,
    "decision_cutoff_logit": -1.5838828247889725,
    "decision_cutoff_lift": 1.7024628204950953
}