{
    "portfolio": [
        "lr",
        "xgb",
        "rf",
        "svc"
    ],
    "max_batch_size": 100000,
    "max_imbalance_ratio": 100,
    "num_batches": 1,
    "population_prior": 0.1,
    "batch_priors": [
        0.1
    ],
    "decision_cutoff_raw": 0.3453984853453943,
    "decision_cutoff_proba": 0.13943965204886682,
    "decision_cutoff_rank": 0.8552934407364786,
    "decision_cutoff_logit": -1.8199518385926952,
    "decision_cutoff_lift": 1.3943965204886681
}