{
  "n_components": 45,
  "n_features_in": 2048,
  "n_cal_knots": 200,
  "cal_min": 2.394207239151001,
  "cal_max": 29.53564453125,
  "scaler": "standard"
}