{
    "portfolio": [
        "lr",
        "xgb",
        "rf",
        "svc"
    ],
    "max_batch_size": 100000,
    "max_imbalance_ratio": 100,
    "num_batches": 1,
    "population_prior": 0.1,
    "batch_priors": [
        0.1
    ],
    "decision_cutoff_raw": 0.4881156976946675,
    "decision_cutoff_proba": 0.21274131330928742,
    "decision_cutoff_rank": 0.9068409343715239,
    "decision_cutoff_logit": -1.3084799580302917,
    "decision_cutoff_lift": 2.127413133092874
}