{
    "portfolio": [
        "lr",
        "xgb",
        "rf",
        "svc"
    ],
    "max_batch_size": 100000,
    "max_imbalance_ratio": 100,
    "num_batches": 1,
    "population_prior": 0.1,
    "batch_priors": [
        0.1
    ],
    "decision_cutoff_raw": 0.2005329792645333,
    "decision_cutoff_proba": 0.0496023556098259,
    "decision_cutoff_rank": 0.8969149736644093,
    "decision_cutoff_logit": -2.952842145322864,
    "decision_cutoff_lift": 0.496023556098259
}