{
  "n_components": 45,
  "n_features_in": 2048,
  "n_cal_knots": 200,
  "cal_min": 2.7097010612487793,
  "cal_max": 227.38233947753906,
  "scaler": "standard"
}