{
  "n_components": 27,
  "n_features_in": 768,
  "n_cal_knots": 200,
  "cal_min": 2.603485107421875,
  "cal_max": 11.039809226989746,
  "scaler": "standard"
}