{
  "n_components": 27,
  "n_features_in": 768,
  "n_cal_knots": 200,
  "cal_min": 2.7612125873565674,
  "cal_max": 9.688576698303223,
  "scaler": "standard"
}