{
  "task": "classification",
  "format": "onnx",
  "preset_name": "linear",
  "use_linear": true,
  "n_features_in": 141,
  "classes": [
    0,
    1
  ],
  "params": {
    "C": 0.1,
    "class_weight": "balanced",
    "max_iter": 1495,
    "tol": 0.001,
    "random_state": 42,
    "use_linear": true
  },
  "profile": {
    "n_samples": 299,
    "n_features": 141,
    "n_p_ratio": 2.120567375886525,
    "sparsity": 0.4421831637372803,
    "is_sparse_counts": false,
    "binary_feature_fraction": 0.15602836879432624,
    "feature_signal_strength": 0.19600793183084944,
    "feature_signal_p90": 0.37143723847071014,
    "task": "classification",
    "imbalance_ratio": 1.0909090909090908,
    "y_skewness": 0.0,
    "y_all_positive": false
  },
  "portfolio_scores": {
    "heuristic": 0.7843137254901961,
    "default": 0.7843137254901961,
    "linear": 0.8156862745098038,
    "balanced_rbf": 0.792156862745098
  },
  "decision_cutoff_raw": 0.4932410535768249,
  "decision_cutoff_raw_source": "oof_balanced_accuracy",
  "decision_cutoff_proba": 0.4671151270556016,
  "decision_cutoff_rank": 0.5167785234899329,
  "decision_cutoff_logit": -0.1317296505757274,
  "calibrator": {
    "method": "platt",
    "coef": 4.757103350567599,
    "intercept": -2.4781283191835337
  },
  "ranker": {
    "knots": [
      0.21163550154019,
      0.21973681555025726,
      0.25874979954031596,
      0.25910471504672916,
      0.25982758618487567,
      0.26224597181749054,
      0.2663465535936375,
      0.2695392337284685,
      0.26974901908537674,
      0.28540020268659716,
      0.3139727080334768,
      0.3163343560243259,
      0.32100124459267215,
      0.32444669062642234,
      0.3265626616843178,
      0.3274641686766411,
      0.33024026321743294,
      0.3306801026502605,
      0.3341532902037129,
      0.34072779977157486,
      0.34837371994694344,
      0.3484812124943145,
      0.35010970398326496,
      0.35425932591576836,
      0.3601522898254921,
      0.3642335252352215,
      0.36498043717916007,
      0.3653139087896173,
      0.3653738973223152,
      0.3684851510317867,
      0.37328994640981983,
      0.3776536929883083,
      0.37885543480569533,
      0.38298254905610496,
      0.3832518933727644,
      0.38650105601871937,
      0.3896586692713321,
      0.38984877404026125,
      0.3900816251131517,
      0.3918785131240416,
      0.39228740837290565,
      0.39265792765897445,
      0.3926646726973002,
      0.39337676163689383,
      0.3934100568441982,
      0.39378040471261666,
      0.39566726168401517,
      0.398737154736066,
      0.40858998335603575,
      0.4088202409168656,
      0.41823778405354783,
      0.4182884619542423,
      0.41873998623126213,
      0.421785314345502,
      0.4227835727263273,
      0.4237361798843427,
      0.42399432505617185,
      0.42603561900218617,
      0.4266168691292128,
      0.42738488258722857,
      0.4275993966307022,
      0.42821673912362573,
      0.42828091751434216,
      0.42977083588175113,
      0.43020768916447416,
      0.4305212991693656,
      0.4305558221497228,
      0.4309506495443575,
      0.4310361421447388,
      0.4359488122641695,
      0.43663919796512246,
      0.4372108999405608,
      0.43755457348980986,
      0.43918526608414765,
      0.4406260823796173,
      0.4407892997925017,
      0.4414163622041696,
      0.44160212636287727,
      0.4438099558394855,
      0.44399242038405895,
      0.44410555883132136,
      0.444417140328683,
      0.44468388244440815,
      0.4457206253374994,
      0.44615040386176036,
      0.4467674792826677,
      0.44757294777711354,
      0.4480528286363519,
      0.4481992091553843,
      0.4484845118138685,
      0.44897896513139895,
      0.44925790407462035,
      0.4511596845255184,
      0.4516937321282758,
      0.45476073220446545,
      0.45631836560287403,
      0.45711384285416173,
      0.45716173728248927,
      0.4580607683296184,
      0.45855605010609957,
      0.4602500489865386,
      0.4605547868883887,
      0.46159172887409833,
      0.4624666681930708,
      0.46462134438405533,
      0.46510724722734265,
      0.4653855422194987,
      0.4657500860526989,
      0.46605937487772753,
      0.4660599229912181,
      0.4663459899300942,
      0.46639733243936404,
      0.4669949177871586,
      0.46741457896411487,
      0.46754947751815107,
      0.4684482660419868,
      0.4690997427503711,
      0.4703175437882472,
      0.47096641531926065,
      0.4712029123802934,
      0.4740005663210542,
      0.47432447060395255,
      0.4760385314623104,
      0.4761821415171184,
      0.476227336974676,
      0.4768132326169459,
      0.4771851515021625,
      0.47770828230089957,
      0.4777708434249529,
      0.47809786251537234,
      0.4781113412842693,
      0.47849072948729676,
      0.47995150320622953,
      0.4805060831872716,
      0.4821609846876263,
      0.48237264987676803,
      0.48308582783680265,
      0.48340776042739403,
      0.4840395498432113,
      0.48483274638547896,
      0.4848674078373682,
      0.48495531161171607,
      0.48509043171296534,
      0.48512424461488174,
      0.4854207404952025,
      0.48625320131693694,
      0.48658376966357264,
      0.48840468084482647,
      0.48893312539444417,
      0.48966699014122567,
      0.489762691715471,
      0.49038871507999526,
      0.4915783783595538,
      0.4916527315316616,
      0.4932410535768249,
      0.49452648446671715,
      0.49454793106039496,
      0.4946990060707563,
      0.4956874896758201,
      0.4968279038155697,
      0.500444609827839,
      0.5015806944380262,
      0.5019909205548799,
      0.5047618193897172,
      0.5051725915015081,
      0.5067631730272346,
      0.5074682695836714,
      0.5086703441195656,
      0.5098035409738689,
      0.509916738606987,
      0.5100965569749606,
      0.5103168461894529,
      0.5106998356412591,
      0.5108359482352851,
      0.512059903077867,
      0.5122738809425198,
      0.512902126421559,
      0.5133335748678236,
      0.5135677457588033,
      0.5139574540580142,
      0.5150399507327558,
      0.5155514951686285,
      0.5160513990224944,
      0.5160890316061317,
      0.5163225714132627,
      0.5166641562752503,
      0.5180866953429095,
      0.5198858109106864,
      0.5203273242707838,
      0.5205595891045892,
      0.5207005145686785,
      0.5214310390742266,
      0.5224142824362012,
      0.5233218594648078,
      0.5236358577165985,
      0.5245468361282298,
      0.5249491434269301,
      0.5265827481414506,
      0.526766434011724,
      0.5286150731599757,
      0.5315483278990039,
      0.5335554587881591,
      0.5339544399692876,
      0.5343753185196922,
      0.5351069440650493,
      0.5353474225123752,
      0.5362303568594871,
      0.5365753235644385,
      0.5368864628425719,
      0.5370084633383595,
      0.5371833112005884,
      0.5378776536931704,
      0.539290661552612,
      0.5394659311182805,
      0.5424122249790838,
      0.5425475947525895,
      0.544622557612512,
      0.5468394872719888,
      0.547753621548866,
      0.5479768878847828,
      0.5489462175872352,
      0.5493401344942855,
      0.5497643673509084,
      0.5498879767046807,
      0.551677775199126,
      0.5517594383237153,
      0.5525941334718494,
      0.5532626768991548,
      0.5539055050347219,
      0.5544638926621369,
      0.5550828228658088,
      0.5558604634735558,
      0.5573701078636938,
      0.5624663088910724,
      0.5627136914349316,
      0.5649588001710425,
      0.5667338713323765,
      0.56690067841884,
      0.5682131595606241,
      0.5687770225881411,
      0.5689269835040115,
      0.5689517207086129,
      0.5689944676012029,
      0.5726796866044693,
      0.5736278932843955,
      0.5745419340479236,
      0.5753698575656602,
      0.5780000150992244,
      0.5808409497962367,
      0.58265109534786,
      0.5840981476757378,
      0.5863102683068026,
      0.5905869334129029,
      0.5963125940466464,
      0.609647560023347,
