{
  "task": "classification",
  "format": "onnx",
  "preset_name": "default",
  "best_iteration": 99,
  "params": {
    "tree_method": "hist",
    "device": "cpu",
    "learning_rate": 0.3,
    "max_depth": 6,
    "min_child_weight": 1,
    "subsample": 1.0,
    "colsample_bytree": 1.0,
    "reg_alpha": 0.0,
    "reg_lambda": 1.0,
    "max_bin": 256,
    "n_estimators": 2000,
    "early_stopping_rounds": 50,
    "nthread": 64,
    "objective": "binary:logistic",
    "scale_pos_weight": 1.0909,
    "eval_metric": "auc"
  },
  "profile": {
    "n_samples": 299,
    "n_features": 141,
    "n_p_ratio": 2.120567375886525,
    "sparsity": 0.4421831637372803,
    "is_sparse_counts": false,
    "binary_feature_fraction": 0.15602836879432624,
    "feature_signal_strength": 0.19600793183084944,
    "feature_signal_p90": 0.37143723847071014,
    "task": "classification",
    "imbalance_ratio": 1.0909090909090908,
    "y_skewness": 0.0,
    "y_all_positive": false
  },
  "portfolio_scores": {
    "flaml": NaN,
    "heuristic": 0.9535947712418301,
    "default": 0.9764705882352942,
    "autogluon": 0.9660130718954248
  },
  "decision_cutoff_raw": 0.45247989892959595,
  "decision_cutoff_raw_source": "oof_balanced_accuracy",
  "decision_cutoff_proba": 0.4384188027701529,
  "decision_cutoff_rank": 0.5167785234899329,
  "decision_cutoff_logit": -0.24758174719049106,
  "calibrator": {
    "method": "platt",
    "coef": 4.331728740804344,
    "intercept": -2.2076019300200667
  },
  "ranker": {
    "knots": [
      0.000216521744732745,
      0.00023732212139293551,
      0.00031739924452267587,
      0.0003343786811456084,
      0.0003651133447419852,
      0.00046447329805232584,
      0.0004997841315343976,
      0.000506082084029913,
      0.0005066079320386052,
      0.0005707445088773966,
      0.0005733682191930711,
      0.0005778268096037209,
      0.0005841327947564423,
      0.0005867251311428845,
      0.0006322640692815185,
      0.0006524939672090113,
      0.0006686965934932232,
      0.0006848024786449969,
      0.0007276904070749879,
      0.0007535980548709631,
      0.0007841797196306288,
      0.0008118025143630803,
      0.0008371506119146943,
      0.0008483564015477896,
      0.0008940787520259619,
      0.0009319001110270619,
      0.0009747377480380237,
      0.001000319025479257,
      0.0010378758888691664,
      0.0010420067701488733,
      0.0010537283960729837,
      0.0010617246152833104,
      0.0010699648410081863,
      0.001076403772458434,
      0.0010997091885656118,
      0.0010997091885656118,
      0.0011910927714779973,
      0.0011910927714779973,
      0.0012513817055150867,
      0.0012547002406790853,
      0.0012619092594832182,
      0.0012862435542047024,
      0.0014135708333924413,
      0.0014135708333924413,
      0.0015540726017206907,
      0.001559199532493949,
      0.001572545268572867,
      0.0016961632063612342,
      0.0016961632063612342,
      0.0018432856304571033,
      0.001902022399008274,
      0.0019257987150922418,
      0.0019500378984957933,
      0.0020027433056384325,
      0.0020876096095889807,
      0.002180467126891017,
      0.002225031377747655,
      0.0022618446964770555,
      0.0023057120852172375,
      0.00231245462782681,
      0.002379228128120303,
      0.002445066813379526,
      0.0025463777128607035,
      0.0026944202836602926,
      0.002694734139367938,
      0.002823673188686371,
      0.003153355559334159,
      0.0031858617439866066,
      0.0032031715381890535,
      0.0034207396674901247,
      0.0034826663322746754,
      0.0034912603441625834,
      0.0037877869326621294,
      0.003970915451645851,
      0.004081643186509609,
      0.0042502377182245255,
      0.004503960721194744,
      0.00464664027094841,
      0.004706741310656071,
      0.004753787536174059,
      0.004918490070849657,
      0.00512281758710742,
      0.005168316885828972,
      0.005229298025369644,
      0.005499613471329212,
      0.005527864675968885,
      0.00569574162364006,
      0.005725993309170008,
      0.005772857926785946,
      0.005792851559817791,
      0.00590326776728034,
      0.006649252027273178,
      0.0069191292859613895,
      0.007133579812943935,
      0.007377458270639181,
      0.007443795446306467,
      0.007443795446306467,
      0.00816806498914957,
      0.00840826891362667,
      0.008476145565509796,
      0.008604505099356174,
      0.008711075410246849,
      0.008714642375707626,
      0.009687699377536774,
      0.009819038212299347,
      0.009963225573301315,
      0.011554108001291752,
      0.011697749607264996,
      0.012277171947062016,
      0.013473915867507458,
      0.014041805639863014,
      0.014137365855276585,
      0.014671421609818935,
      0.015454154461622238,
      0.01580110378563404,
      0.01603415608406067,
      0.016034962609410286,
      0.01614307053387165,
      0.019800955429673195,
      0.02015574648976326,
      0.02471156232059002,
      0.025337839499115944,
      0.025908099487423897,
      0.02715183049440384,
      0.02879837527871132,
      0.03153547644615173,
      0.03236804157495499,
      0.03777753934264183,
      0.03880184888839722,
      0.040091678500175476,
      0.056253351271152496,
      0.059060290455818176,
      0.07493491470813751,
      0.07924892008304596,
      0.07945507764816284,
      0.11030980199575424,
      0.11259100586175919,
      0.13905370235443115,
      0.14640767872333527,
      0.16155801713466644,
      0.1874503195285797,
      0.22887422144412994,
      0.26531705260276794,
      0.26638126373291016,
      0.2669358551502228,
      0.3089672923088074,
      0.3090989589691162,
      0.31476035714149475,
      0.3334253430366516,
      0.3406178951263428,
      0.34784558415412903,
      0.3500133156776428,
      0.4022110104560852,
      0.4355335533618927,
      0.45247989892959595,
      0.4621458947658539,
      0.47444242238998413,
      0.5186623930931091,
      0.5240620970726013,
      0.5287097692489624,
      0.571428120136261,
      0.5917984247207642,
      0.6479019522666931,
      0.7749062180519104,
      0.7806035876274109,
      0.7832668423652649,
      0.7836149334907532,
      0.8002468347549438,
      0.8217734098434448,
      0.828352153301239,
      0.8442956209182739,
      0.8502647876739502,
      0.8636698126792908,
      0.8888468742370605,
      0.8911848664283752,
      0.8977094292640686,
      0.9010093808174133,
      0.9158180952072144,
      0.9163998961448669,
      0.9267205595970154,
      0.9271935224533081,
      0.9274287819862366,
      0.9286946654319763,
      0.9340977668762207,
      0.9362850785255432,
      0.9416897296905518,
      0.9477240443229675,
      0.9497010707855225,
      0.9551385045051575,
      0.956864058971405,
      0.9585016369819641,
      0.9599522352218628,
      0.9623891115188599,
      0.9678279161453247,
      0.9683036208152771,
      0.9711534380912781,
      0.9719358086585999,
      0.9722550511360168,
      0.9743209481239319,
      0.9751275777816772,
      0.9769127368927002,
      0.9779033064842224,
      0.9788651466369629,
      0.9807605743408203,
      0.9809888005256653,
      0.9816374182701111,
      0.9819687008857727,
      0.9820187091827393,
      0.9829687476158142,
      0.9847416281700134,
      0.9851241707801819,
      0.9851343631744385,
      0.985768735408783,
      0.9863683581352234,
      0.9871023297309875,
      0.9871525168418884,
      0.9873940944671631,
      0.9874696731567383,
      0.9879337549209595,
      0.9881764054298401,
      0.9886655807495117,
      0.9888773560523987,
      0.9889172315597534,
      0.9903399348258972,
      0.9909356236457825,
      0.9912612438201904,
      0.9913630485534668,
      0.991806149482727,
      0.9925002455711365,
      0.9929519295692444,
      0.9930805563926697,
      0.9931413531303406,
      0.9933232665061951,
      0.993358314037323,
      0.993448793888092,
      0.9936687350273132,
      0.99407958984375,
