{
  "task": "classification",
  "format": "onnx",
  "preset_name": "heuristic",
  "use_linear": false,
  "n_features_in": 1562,
  "classes": [
    0,
    1
  ],
  "params": {
    "C": 0.378153,
    "class_weight": "balanced",
    "max_iter": 5000,
    "tol": 0.001,
    "random_state": 42,
    "use_linear": false,
    "kernel": "rbf",
    "gamma": "scale"
  },
  "profile": {
    "n_samples": 143,
    "n_features": 1562,
    "n_p_ratio": 0.09154929577464789,
    "sparsity": 0.0,
    "is_sparse_counts": false,
    "binary_feature_fraction": 0.0,
    "feature_signal_strength": 0.13342151617562986,
    "feature_signal_p90": 0.25430285047563017,
    "task": "classification",
    "imbalance_ratio": 1.6,
    "y_skewness": 0.0,
    "y_all_positive": false
  },
  "portfolio_scores": {},
  "decision_cutoff_raw": 0.5282201712618708,
  "decision_cutoff_raw_source": "oof_balanced_accuracy",
  "decision_cutoff_proba": 0.39285391098343453,
  "decision_cutoff_rank": 0.47887323943661975,
  "decision_cutoff_logit": -0.4353316209512454,
  "calibrator": {
    "method": "platt",
    "coef": 2.867353439931876,
    "intercept": -1.9499255460603753
  },
  "ranker": {
    "knots": [
      0.25410421348719764,
      0.26558930500713346,
      0.2669192132625354,
      0.26834121962481333,
      0.26980457321150264,
      0.2704583721263729,
      0.2721405099794159,
      0.2722051707578974,
      0.2722096897894705,
      0.2754157180891078,
      0.2779250636891947,
      0.2808462614807454,
      0.28086701431676475,
      0.28340982603025094,
      0.28572923123101424,
      0.29981552483083945,
      0.3006703286500588,
      0.30184607716087947,
      0.3034153770414341,
      0.3055304523899896,
      0.3073872531876154,
      0.30858560545847535,
      0.31037563111911526,
      0.31041419668467124,
      0.32356721863576116,
      0.3265219394186119,
      0.32857796012306234,
      0.3302851175596172,
      0.3349773639181291,
      0.33659056421165523,
      0.33882152367601365,
      0.34738208612131244,
      0.348588524833615,
      0.3513700402707857,
      0.358048501099956,
      0.36465249847055903,
      0.3695856150627632,
      0.3695954117948584,
      0.370096879519722,
      0.38616564919326274,
      0.38742056076322556,
      0.39057120622096453,
      0.39866023655526595,
      0.4138081467039087,
      0.4143593930808877,
      0.44020212730043284,
      0.4515979864559827,
      0.45659384144669546,
      0.4578202645178522,
      0.4719430550661195,
      0.4730382945208066,
      0.4756184450040146,
      0.47818196358227266,
      0.47936850445328766,
      0.48974387553975507,
      0.4933219004142806,
      0.4941771077600802,
      0.4998758289526549,
      0.5020085603156794,
      0.5059161241386402,
      0.5067363508777024,
      0.5095456936688387,
      0.5112690976894533,
      0.5129129382873505,
      0.5132045574426332,
      0.5220840639224694,
      0.5240271877139038,
      0.5270622427575278,
      0.5282201712618708,
      0.5394085378409397,
      0.5399246541581315,
      0.5408784160876765,
      0.5410597361413018,
      0.5435879287273775,
      0.5478729116553288,
      0.5505850266793542,
      0.550790196054633,
      0.5593636364822492,
      0.5606888604626118,
      0.5608519970314308,
      0.5640919909134138,
      0.5651346854231226,
      0.568919764960694,
      0.5712253875649652,
      0.5748179028774587,
      0.5754985609928699,
      0.5762040446491176,
      0.5787142837260375,
      0.5837310977837484,
      0.5842193951867779,
      0.5859230960867475,
      0.5891459739326802,
      0.5912392923911374,
      0.5959698529095951,
      0.5982085003382147,
      0.5994150703573317,
      0.6005239557193541,
      0.6030082901559743,
      0.603329099394285,
      0.6042129601545341,
      0.6048875475500048,
      0.6056888553007114,
      0.6065000398431074,
      0.6128750398356854,
      0.6145356052055005,
      0.6164527822095441,
      0.6177176894534027,
      0.6193738238993505,
      0.623399049699113,
      0.6235506421016979,
      0.62978998488392,
      0.6326851494881945,
      0.6359095056981005,
      0.6422762687723664,
      0.6473966235199226,
      0.649911571858309,
      0.6530526068728735,
      0.6562119341289298,
      0.6651570523364723,
      0.6680591519938892,
      0.6763594064059935,
      0.6798757719476906,
      0.6800580111346479,
      0.6804165646779082,
      0.6823388134706606,
      0.6905333857300706,
      0.6913828298848385,
      0.6920584915113566,
      0.6930036883476205,
      0.6946858109048463,
      0.6950273502132162,
      0.6959367585456544,
      0.6983193467692488,
      0.699279203718815,
      0.6997989469489151,
      0.701722226696152,
      0.7096646971648359,
      0.712938270859007,
      0.7209599424774231,
      0.7214525080411432,
      0.7273006299156086,
      0.7338736844483528,
      0.7394161546478047
    ]
  }
}