{
  "task": "classification",
  "format": "onnx",
  "preset_name": "heuristic",
  "best_iteration": 49,
  "params": {
    "tree_method": "hist",
    "device": "cpu",
    "learning_rate": 0.1,
    "n_estimators": 2000,
    "early_stopping_rounds": 50,
    "max_depth": 3,
    "min_child_weight": 1,
    "subsample": 1.0,
    "colsample_bytree": 0.5,
    "colsample_bynode": 0.051,
    "reg_alpha": 0.3,
    "reg_lambda": 2.125,
    "gamma": 0.05,
    "max_bin": 128,
    "nthread": 64,
    "objective": "binary:logistic",
    "scale_pos_weight": 1.6,
    "eval_metric": "auc"
  },
  "profile": {
    "n_samples": 143,
    "n_features": 1562,
    "n_p_ratio": 0.09154929577464789,
    "sparsity": 0.0,
    "is_sparse_counts": false,
    "binary_feature_fraction": 0.0,
    "feature_signal_strength": 0.13342151617562986,
    "feature_signal_p90": 0.25430285047563017,
    "task": "classification",
    "imbalance_ratio": 1.6,
    "y_skewness": 0.0,
    "y_all_positive": false
  },
  "portfolio_scores": {},
  "decision_cutoff_raw": 0.29519984126091003,
  "decision_cutoff_raw_source": "oof_balanced_accuracy",
  "decision_cutoff_proba": 0.31998983890036686,
  "decision_cutoff_rank": 0.5211267605633803,
  "decision_cutoff_logit": -0.7538184989988206,
  "calibrator": {
    "method": "platt",
    "coef": 2.6003808670924276,
    "intercept": -1.5214505181824125
  },
  "ranker": {
    "knots": [
      0.007478679995983839,
      0.00995856523513794,
      0.013138268142938614,
      0.013776757754385471,
      0.0167124904692173,
      0.01748463697731495,
      0.018401026725769043,
      0.02469596080482006,
      0.025199702009558678,
      0.025437377393245697,
      0.02738056518137455,
      0.03253842145204544,
      0.034939348697662354,
      0.03513447567820549,
      0.035951826721429825,
      0.03902613744139671,
      0.0411173515021801,
      0.04202711954712868,
      0.04230434074997902,
      0.042402882128953934,
      0.042943645268678665,
      0.04339325428009033,
      0.049538809806108475,
      0.050032421946525574,
      0.05458933115005493,
      0.05774004012346268,
      0.059951551258563995,
      0.062712661921978,
      0.06425236165523529,
      0.06647661328315735,
      0.06653498858213425,
      0.06961193680763245,
      0.07567716389894485,
      0.08009208738803864,
      0.08119115978479385,
      0.08325660973787308,
      0.08422362059354782,
      0.08556666225194931,
      0.09029722958803177,
      0.09342309832572937,
      0.09635289758443832,
      0.09769183397293091,
      0.10148002207279205,
      0.10148326307535172,
      0.10508562624454498,
      0.11068934202194214,
      0.11369514465332031,
      0.1158861368894577,
      0.11894430220127106,
      0.12037820369005203,
      0.12179514020681381,
      0.12585704028606415,
      0.12902013957500458,
      0.1294184774160385,
      0.14684471487998962,
      0.14845506846904755,
      0.15194730460643768,
      0.15666046738624573,
      0.1647239327430725,
      0.1815650314092636,
      0.183393195271492,
      0.1852649450302124,
      0.2023446410894394,
      0.21820029616355896,
      0.21827098727226257,
      0.22129493951797485,
      0.22911475598812103,
      0.23466943204402924,
      0.24082092940807343,
      0.2536414861679077,
      0.27173131704330444,
      0.27558618783950806,
      0.28030964732170105,
      0.28068286180496216,
      0.29519984126091003,
      0.29730385541915894,
      0.2983468472957611,
      0.3181198835372925,
      0.323506623506546,
      0.3424423038959503,
      0.3611239492893219,
      0.370839387178421,
      0.3966512084007263,
      0.40464749932289124,
      0.405461847782135,
      0.4166525900363922,
      0.41763967275619507,
      0.42060625553131104,
      0.446127325296402,
      0.4501715302467346,
      0.478852778673172,
      0.48272618651390076,
      0.4918585419654846,
      0.5062728524208069,
      0.5287460684776306,
      0.5480099320411682,
      0.5546922087669373,
      0.5723870992660522,
      0.5798086524009705,
      0.5879603028297424,
      0.5887224078178406,
      0.5995349287986755,
      0.6115953922271729,
      0.6158847212791443,
      0.6453174352645874,
      0.6597370505332947,
      0.6647794842720032,
      0.6657552719116211,
      0.6848066449165344,
      0.6923648715019226,
      0.7245198488235474,
      0.7421793937683105,
      0.7817997336387634,
      0.7844506502151489,
      0.8044145703315735,
      0.8174317479133606,
      0.8174727559089661,
      0.8232616186141968,
      0.8244912624359131,
      0.8361670970916748,
      0.860031247138977,
      0.8628556132316589,
      0.8657954335212708,
      0.8711044788360596,
      0.8722869157791138,
      0.8835678100585938,
      0.8882479071617126,
      0.8888458609580994,
      0.8949679732322693,
      0.8994066119194031,
      0.9137701988220215,
      0.9201177954673767,
      0.9203003644943237,
      0.924285888671875,
      0.9248599410057068,
      0.9250018000602722,
      0.9289198517799377,
      0.9542776346206665,
      0.960675060749054,
      0.9642966985702515,
      0.978513777256012,
      0.9808923602104187,
      0.9848210215568542
    ]
  }
}