{
  "mode": "slow",
  "descriptor_types": [
    "chemeleon",
    "rdkit",
    "clamp"
  ],
  "n_compounds": 860,
  "n_actives": 86,
  "ratio_actives": 0.1,
  "population_prior": 0.1,
  "portfolio": [
    "lr",
    "xgb",
    "rf",
    "svc"
  ],
  "num_batches": {
    "chemeleon": 1,
    "rdkit": 1,
    "clamp": 1
  },
  "decision_cutoff_raw": 0.7233200024845511,
  "decision_cutoff_proba": 0.5299434615232026,
  "decision_cutoff_rank": 0.9111537087791438,
  "oof_aucs": {
    "chemeleon": 0.9818220058890691,
    "rdkit": 0.9895589207379364,
    "clamp": 0.9888378102277507
  },
  "proxy_aucs": {
    "chemeleon": 0.9908584219698335,
    "rdkit": 0.9955907096929271,
    "clamp": 0.9945841596057928
  },
  "train_aucs": {
    "chemeleon": 1.0,
    "rdkit": 1.0,
    "clamp": 1.0
  },
  "quality_aucs": {
    "chemeleon": 0.9636440117781382,
    "rdkit": 0.9791178414758728,
    "clamp": 0.9776756204555015
  },
  "active_descriptors": {
    "chemeleon": true,
    "rdkit": true,
    "clamp": true
  },
  "ad_hard_cutoffs": {
    "chemeleon": 0.05000000074505806,
    "rdkit": 0.05000000074505806,
    "clamp": 0.05000000074505806
  },
  "rank_error_curves": {
    "chemeleon": [
      [
        0.28090145451901033,
        0.3382213979924063,
        0.3742153963513492,
        0.39594749452830513,
        0.4152270207709422,
        0.4344469481335476,
        0.451814558011959,
        0.4667583910039152,
        0.48172534760741675,
        0.49734536219775594,
        0.5179325067987469,
        0.5286984860952391,
        0.5453369303083868,
        0.5717951126498999,
        0.6010982059716193,
        0.636497461655412,
        0.6815382824032828,
        0.7986400080877349,
        0.9811123028733788,
        0.9971367089585766
      ],
      [
        0.009605145209954325,
        0.010041626162377406,
        0.010535153839526502,
        0.011313368777817204,
        0.01584935450398277,
        0.012079764373845597,
        0.014506996897403196,
        0.019401012504089984,
        0.01871690995524364,
        0.025159608906263124,
        0.0216098339815156,
        0.024623528372450628,
        0.03728699083023316,
        0.04075375007684507,
        0.04894374651444562,
        0.05148398151234932,
        0.05279218653800581,
        0.16031456927793034,
        0.2659698502539041,
        0.2481569624046543
      ]
    ],
    "rdkit": [
      [
        0.27004806740441617,
        0.3735555152457465,
        0.41847639291632466,
        0.4716449634386563,
        0.5087520632614789,
        0.5280736922030991,
        0.5395143259144798,
        0.5434874668078027,
        0.5555843822271738,
        0.5680351828557368,
        0.5839385383470139,
        0.6063389878662397,
        0.630875944467151,
        0.6654468325266452,
        0.6943065909654796,
        0.7233800538182505,
        0.7728965598961821,
        0.8404159104057627,
        0.9614591561197636,
        0.9886624358722635
      ],
      [
        0.011326925395479588,
        0.01446805346807486,
        0.01663711438496817,
        0.01880094012223137,
        0.02412115142550724,
        0.029831496474123552,
        0.03726042801780227,
        0.04247947968881727,
        0.03549901758908209,
        0.035214772010574,
        0.03383990428448483,
        0.032439544010648,
        0.0322807830480342,
        0.033085857573066924,
        0.030693048966298896,
        0.029550274069675503,
        0.057885285007459576,
        0.0887078024834445,
        0.16773680901837734,
        0.16010256278120405
      ]
    ],
    "clamp": [
      [
        0.13269471629013246,
        0.17786507476423508,
        0.20881022167686547,
        0.23951745763799653,
        0.27052731066788377,
        0.3047293549894717,
        0.3310813313383555,
        0.3618960022195043,
        0.38826671480340286,
        0.42304559468331926,
        0.45555515263338436,
        0.49747674428602984,
        0.5306477105778876,
        0.5704785030346725,
        0.6249416367831466,
        0.6675124806542009,
        0.7322540863868874,
        0.8390825287234389,
        0.9776568937062362,
        0.9994974096461403
      ],
      [
        0.013142650227021645,
        0.013445063190559443,
        0.013782856351189218,
        0.013952385510503623,
        0.014101109392221676,
        0.014285360434188514,
        0.014504286220089273,
        0.01464476884793268,
        0.014723963726115813,
        0.014979112144381157,
        0.015248796435034946,
        0.015503079681180048,
        0.015877274049704185,
        0.01591408060809465,
        0.0163431003665183,
        0.01671404887944294,
        0.017213714126834794,
        0.07495442774283051,
        0.11925396690742557,
        0.11377797823216208
      ]
    ]
  },
  "decision_cutoff_logit": 0.1199173423837537,
  "decision_cutoff_lift": 5.299434615232026
}