{
  "n_components": 45,
  "n_features_in": 2048,
  "n_cal_knots": 200,
  "cal_min": 3.0071728229522705,
  "cal_max": 25.58194923400879,
  "scaler": "standard"
}