{
    "portfolio": [
        "lr",
        "xgb",
        "rf",
        "svc"
    ],
    "max_batch_size": 100000,
    "max_imbalance_ratio": 100,
    "num_batches": 1,
    "population_prior": 0.1,
    "batch_priors": [
        0.1
    ],
    "decision_cutoff_raw": 0.1457763821233034,
    "decision_cutoff_proba": 0.03471317824575991,
    "decision_cutoff_rank": 0.8800513149454778,
    "decision_cutoff_logit": -3.325305890401467,
    "decision_cutoff_lift": 0.34713178245759907
}