{
  "n_components": 45,
  "n_features_in": 2048,
  "n_cal_knots": 200,
  "cal_min": 3.463106870651245,
  "cal_max": 44.8701171875,
  "scaler": "standard"
}