{
    "portfolio": [
        "lr",
        "xgb",
        "rf",
        "svc"
    ],
    "max_batch_size": 100000,
    "max_imbalance_ratio": 100,
    "num_batches": 1,
    "population_prior": 0.1,
    "batch_priors": [
        0.1
    ],
    "decision_cutoff_raw": 0.22795079379113692,
    "decision_cutoff_proba": 0.05157111285042077,
    "decision_cutoff_rank": 0.8820437342304458,
    "decision_cutoff_logit": -2.9118451253075097,
    "decision_cutoff_lift": 0.5157111285042076
}